run_id,method,seed,round,test_acc,test_loss,train_acc,train_loss,dmcfe_fedavg_max_error,dmcfe_fedavg_mean_error,dmcfe_fedrep_max_error,dmcfe_fedrep_mean_error,dropout_rate,online_clients,online_client_ids,recovery_threshold,coded_communication_rounds,secagg_baseline_rounds,recovery_error,dmcfe_weight_signatures_verified,config_hash,matrix_id,backend,backend_secure,participation_rate,protocol_dropout_rate,coordinates,chunks,chunk_size,scale,clip_bound,clipped_fraction,encode_seconds,aggregate_seconds,total_aggregation_seconds,serialized_upload_bytes,serialized_key_bytes,recovery_bytes,peak_memory_bytes
fedavg_seed0_50r,FedAvg,0,0,0.11708045041378375,2.9263233840505976,0.11888622210690192,2.924337872268258,,,,,,3,"993,859,298",,,,,,7a94c0688b96c26c59095fde903d05ed45d0c0d4eb5cd1f4442d2be05fce9b18,aa8854cd2e503503,plaintext,False,0.003,,,,,,,,,,,,,,
fedavg_seed0_50r,FedAvg,0,1,0.10297110297110297,2.6744371993160687,0.10197197716658017,2.680586069102675,,,,,,3,"507,818,452",,,,,,7a94c0688b96c26c59095fde903d05ed45d0c0d4eb5cd1f4442d2be05fce9b18,aa8854cd2e503503,plaintext,False,0.003,,,,,,,,,,,,,,
fedavg_seed0_50r,FedAvg,0,2,0.11694478361145028,2.2873146649277722,0.1174429164504411,2.2895822999278805,,,,,,3,"37,726,846",,,,,,7a94c0688b96c26c59095fde903d05ed45d0c0d4eb5cd1f4442d2be05fce9b18,aa8854cd2e503503,plaintext,False,0.003,,,,,,,,,,,,,,
fedavg_seed0_50r,FedAvg,0,3,0.09957943291276625,2.746725274545822,0.10038271925272445,2.7510443532732607,,,,,,3,"642,762,909",,,,,,7a94c0688b96c26c59095fde903d05ed45d0c0d4eb5cd1f4442d2be05fce9b18,aa8854cd2e503503,plaintext,False,0.003,,,,,,,,,,,,,,
fedavg_seed0_50r,FedAvg,0,4,0.1063627730294397,2.516007400079783,0.1047126362221069,2.521829220173918,,,,,,3,"698,577,763",,,,,,7a94c0688b96c26c59095fde903d05ed45d0c0d4eb5cd1f4442d2be05fce9b18,aa8854cd2e503503,plaintext,False,0.003,,,,,,,,,,,,,,
fedavg_seed0_50r,FedAvg,0,5,0.09184642517975851,4.565907071047032,0.09002010897768552,4.564499619247027,,,,,,3,"544,515,193",,,,,,7a94c0688b96c26c59095fde903d05ed45d0c0d4eb5cd1f4442d2be05fce9b18,aa8854cd2e503503,plaintext,False,0.003,,,,,,,,,,,,,,
fedavg_seed0_50r,FedAvg,0,6,0.1558811558811559,2.179390666443107,0.1600609756097561,2.1825902811249165,,,,,,3,"978,22,909",,,,,,7a94c0688b96c26c59095fde903d05ed45d0c0d4eb5cd1f4442d2be05fce9b18,aa8854cd2e503503,plaintext,False,0.003,,,,,,,,,,,,,,
fedavg_seed0_50r,FedAvg,0,7,0.30714964048297383,2.03659013661289,0.3050077841203944,2.0408476824110027,,,,,,3,"778,334,271",,,,,,7a94c0688b96c26c59095fde903d05ed45d0c0d4eb5cd1f4442d2be05fce9b18,aa8854cd2e503503,plaintext,False,0.003,,,,,,,,,,,,,,
fedavg_seed0_50r,FedAvg,0,8,0.1177587844254511,3.1965807351212847,0.11543201868188895,3.2023053125294187,,,,,,3,"908,265,627",,,,,,7a94c0688b96c26c59095fde903d05ed45d0c0d4eb5cd1f4442d2be05fce9b18,aa8854cd2e503503,plaintext,False,0.003,,,,,,,,,,,,,,
fedavg_seed0_50r,FedAvg,0,9,0.11260344593677928,5.942789109440372,0.11126427088738973,5.942273636069457,,,,,,3,"2,879,57",,,,,,7a94c0688b96c26c59095fde903d05ed45d0c0d4eb5cd1f4442d2be05fce9b18,aa8854cd2e503503,plaintext,False,0.003,,,,,,,,,,,,,,
fedavg_seed0_50r,FedAvg,0,10,0.23606023606023607,1.9468813301034382,0.2373345874416191,1.9534261540956694,,,,,,3,"841,956,544",,,,,,7a94c0688b96c26c59095fde903d05ed45d0c0d4eb5cd1f4442d2be05fce9b18,aa8854cd2e503503,plaintext,False,0.003,,,,,,,,,,,,,,
fedavg_seed0_50r,FedAvg,0,11,0.26577126577126575,1.9486853073905381,0.2663628697457187,1.9548044959927164,,,,,,3,"25,464,372",,,,,,7a94c0688b96c26c59095fde903d05ed45d0c0d4eb5cd1f4442d2be05fce9b18,aa8854cd2e503503,plaintext,False,0.003,,,,,,,,,,,,,,
fedavg_seed0_50r,FedAvg,0,12,0.2648215981549315,2.280521581286021,0.2674331862999481,2.274723940382428,,,,,,3,"518,871,797",,,,,,7a94c0688b96c26c59095fde903d05ed45d0c0d4eb5cd1f4442d2be05fce9b18,aa8854cd2e503503,plaintext,False,0.003,,,,,,,,,,,,,,
fedavg_seed0_50r,FedAvg,0,13,0.3265499932166599,1.876966962117382,0.32007330046704724,1.8896704546497776,,,,,,3,"945,452,304",,,,,,7a94c0688b96c26c59095fde903d05ed45d0c0d4eb5cd1f4442d2be05fce9b18,aa8854cd2e503503,plaintext,False,0.003,,,,,,,,,,,,,,
fedavg_seed0_50r,FedAvg,0,14,0.2121828788495455,3.4542194880815793,0.21735534509600415,3.46101290322162,,,,,,3,"172,278,486",,,,,,7a94c0688b96c26c59095fde903d05ed45d0c0d4eb5cd1f4442d2be05fce9b18,aa8854cd2e503503,plaintext,False,0.003,,,,,,,,,,,,,,
fedavg_seed0_50r,FedAvg,0,15,0.3470356803690137,2.006423413859138,0.3470096004151531,2.006310524198912,,,,,,3,"825,374,488",,,,,,7a94c0688b96c26c59095fde903d05ed45d0c0d4eb5cd1f4442d2be05fce9b18,aa8854cd2e503503,plaintext,False,0.003,,,,,,,,,,,,,,
fedavg_seed0_50r,FedAvg,0,16,0.30335097001763667,2.1643800863826095,0.29891022314478466,2.174492531451258,,,,,,3,"221,988,882",,,,,,7a94c0688b96c26c59095fde903d05ed45d0c0d4eb5cd1f4442d2be05fce9b18,aa8854cd2e503503,plaintext,False,0.003,,,,,,,,,,,,,,
fedavg_seed0_50r,FedAvg,0,17,0.26970560303893637,2.750919417220032,0.2722009600415153,2.7455942624392686,,,,,,3,"786,499,930",,,,,,7a94c0688b96c26c59095fde903d05ed45d0c0d4eb5cd1f4442d2be05fce9b18,aa8854cd2e503503,plaintext,False,0.003,,,,,,,,,,,,,,
fedavg_seed0_50r,FedAvg,0,18,0.507665174331841,1.4476092957721332,0.5087247016087182,1.4568452766119466,,,,,,3,"246,751,75",,,,,,7a94c0688b96c26c59095fde903d05ed45d0c0d4eb5cd1f4442d2be05fce9b18,aa8854cd2e503503,plaintext,False,0.003,,,,,,,,,,,,,,
fedavg_seed0_50r,FedAvg,0,19,0.6202686202686203,1.2883369532685305,0.6202160093409445,1.2955006838110543,,,,,,3,"800,773,23",,,,,,7a94c0688b96c26c59095fde903d05ed45d0c0d4eb5cd1f4442d2be05fce9b18,aa8854cd2e503503,plaintext,False,0.003,,,,,,,,,,,,,,
fedavg_seed0_50r,FedAvg,0,20,0.23076923076923078,3.53024925452894,0.22784769071094965,3.4924310972183745,,,,,,3,"890,694,798",,,,,,7a94c0688b96c26c59095fde903d05ed45d0c0d4eb5cd1f4442d2be05fce9b18,aa8854cd2e503503,plaintext,False,0.003,,,,,,,,,,,,,,
fedavg_seed0_50r,FedAvg,0,21,0.2341609008275675,2.665315314986967,0.23334522573949143,2.6797842795096485,,,,,,3,"492,383,856",,,,,,7a94c0688b96c26c59095fde903d05ed45d0c0d4eb5cd1f4442d2be05fce9b18,aa8854cd2e503503,plaintext,False,0.003,,,,,,,,,,,,,,
fedavg_seed0_50r,FedAvg,0,22,0.2599375932709266,2.3346646434023586,0.2614491437467566,2.351718980691392,,,,,,3,"866,191,732",,,,,,7a94c0688b96c26c59095fde903d05ed45d0c0d4eb5cd1f4442d2be05fce9b18,aa8854cd2e503503,plaintext,False,0.003,,,,,,,,,,,,,,
fedavg_seed0_50r,FedAvg,0,23,0.41161307827974497,1.7460689350830034,0.4108718214841723,1.7621097658166032,,,,,,3,"519,837,208",,,,,,7a94c0688b96c26c59095fde903d05ed45d0c0d4eb5cd1f4442d2be05fce9b18,aa8854cd2e503503,plaintext,False,0.003,,,,,,,,,,,,,,
fedavg_seed0_50r,FedAvg,0,24,0.4160900827567494,1.6273752799652605,0.40955825116761807,1.6587798475247988,,,,,,3,"131,354,982",,,,,,7a94c0688b96c26c59095fde903d05ed45d0c0d4eb5cd1f4442d2be05fce9b18,aa8854cd2e503503,plaintext,False,0.003,,,,,,,,,,,,,,
fedavg_seed0_50r,FedAvg,0,25,0.16999050332383667,4.6415543867172175,0.17246691748832382,4.624466981182567,,,,,,3,"688,49,288",,,,,,7a94c0688b96c26c59095fde903d05ed45d0c0d4eb5cd1f4442d2be05fce9b18,aa8854cd2e503503,plaintext,False,0.003,,,,,,,,,,,,,,
fedavg_seed0_50r,FedAvg,0,26,0.3365893365893366,1.7143718986468446,0.3390308770108978,1.7119753005495488,,,,,,3,"769,824,107",,,,,,7a94c0688b96c26c59095fde903d05ed45d0c0d4eb5cd1f4442d2be05fce9b18,aa8854cd2e503503,plaintext,False,0.003,,,,,,,,,,,,,,
fedavg_seed0_50r,FedAvg,0,27,0.354361687695021,1.9636871536152578,0.35506940840685003,1.969816500725086,,,,,,3,"754,768,23",,,,,,7a94c0688b96c26c59095fde903d05ed45d0c0d4eb5cd1f4442d2be05fce9b18,aa8854cd2e503503,plaintext,False,0.003,,,,,,,,,,,,,,
fedavg_seed0_50r,FedAvg,0,28,0.4364401031067698,1.544090185332706,0.43299169693824596,1.5525301383852674,,,,,,3,"63,312,392",,,,,,7a94c0688b96c26c59095fde903d05ed45d0c0d4eb5cd1f4442d2be05fce9b18,aa8854cd2e503503,plaintext,False,0.003,,,,,,,,,,,,,,
fedavg_seed0_50r,FedAvg,0,29,0.46153846153846156,1.4775057074216515,0.46401466009340947,1.472566544671011,,,,,,3,"795,973,794",,,,,,7a94c0688b96c26c59095fde903d05ed45d0c0d4eb5cd1f4442d2be05fce9b18,aa8854cd2e503503,plaintext,False,0.003,,,,,,,,,,,,,,
fedavg_seed0_50r,FedAvg,0,30,0.18355718355718356,4.042756942609567,0.1855215360664245,4.02382135929056,,,,,,3,"923,921,516",,,,,,7a94c0688b96c26c59095fde903d05ed45d0c0d4eb5cd1f4442d2be05fce9b18,aa8854cd2e503503,plaintext,False,0.003,,,,,,,,,,,,,,
fedavg_seed0_50r,FedAvg,0,31,0.5463302129968797,1.2805347605681054,0.5453425012973534,1.2858595887842017,,,,,,3,"975,558,222",,,,,,7a94c0688b96c26c59095fde903d05ed45d0c0d4eb5cd1f4442d2be05fce9b18,aa8854cd2e503503,plaintext,False,0.003,,,,,,,,,,,,,,
fedavg_seed0_50r,FedAvg,0,32,0.4379324379324379,1.435411204040703,0.4350674623767514,1.4353684162384448,,,,,,3,"632,687,833",,,,,,7a94c0688b96c26c59095fde903d05ed45d0c0d4eb5cd1f4442d2be05fce9b18,aa8854cd2e503503,plaintext,False,0.003,,,,,,,,,,,,,,
fedavg_seed0_50r,FedAvg,0,33,0.41419074752408086,1.8048895025411202,0.41226647638816816,1.814806614220071,,,,,,3,"286,402,253",,,,,,7a94c0688b96c26c59095fde903d05ed45d0c0d4eb5cd1f4442d2be05fce9b18,aa8854cd2e503503,plaintext,False,0.003,,,,,,,,,,,,,,
fedavg_seed0_50r,FedAvg,0,34,0.3321123321123321,2.998127720607325,0.33786325895173847,2.9927042331598903,,,,,,3,"430,972,395",,,,,,7a94c0688b96c26c59095fde903d05ed45d0c0d4eb5cd1f4442d2be05fce9b18,aa8854cd2e503503,plaintext,False,0.003,,,,,,,,,,,,,,
fedavg_seed0_50r,FedAvg,0,35,0.5913715913715913,1.2524876027006526,0.5937662169174883,1.2641962618559714,,,,,,3,"832,617,638",,,,,,7a94c0688b96c26c59095fde903d05ed45d0c0d4eb5cd1f4442d2be05fce9b18,aa8854cd2e503503,plaintext,False,0.003,,,,,,,,,,,,,,
fedavg_seed0_50r,FedAvg,0,36,0.5582688916022249,1.3097489454052313,0.5614459003632589,1.30632809529575,,,,,,3,"329,898,928",,,,,,7a94c0688b96c26c59095fde903d05ed45d0c0d4eb5cd1f4442d2be05fce9b18,aa8854cd2e503503,plaintext,False,0.003,,,,,,,,,,,,,,
fedavg_seed0_50r,FedAvg,0,37,0.5381902048568715,1.3243135613528365,0.5300823819408407,1.3434241133177713,,,,,,3,"982,697,11",,,,,,7a94c0688b96c26c59095fde903d05ed45d0c0d4eb5cd1f4442d2be05fce9b18,aa8854cd2e503503,plaintext,False,0.003,,,,,,,,,,,,,,
fedavg_seed0_50r,FedAvg,0,38,0.5019671686338353,1.4673267729887007,0.5028379605604567,1.4697332204969482,,,,,,3,"635,215,10",,,,,,7a94c0688b96c26c59095fde903d05ed45d0c0d4eb5cd1f4442d2be05fce9b18,aa8854cd2e503503,plaintext,False,0.003,,,,,,,,,,,,,,
fedavg_seed0_50r,FedAvg,0,39,0.4968118301451635,1.4084802038475595,0.4973728593668915,1.4158547379157864,,,,,,3,"173,201,929",,,,,,7a94c0688b96c26c59095fde903d05ed45d0c0d4eb5cd1f4442d2be05fce9b18,aa8854cd2e503503,plaintext,False,0.003,,,,,,,,,,,,,,
fedavg_seed0_50r,FedAvg,0,40,0.5417175417175417,1.2339872328731252,0.546023611831863,1.2300982464264203,,,,,,3,"204,71,594",,,,,,7a94c0688b96c26c59095fde903d05ed45d0c0d4eb5cd1f4442d2be05fce9b18,aa8854cd2e503503,plaintext,False,0.003,,,,,,,,,,,,,,
fedavg_seed0_50r,FedAvg,0,41,0.7049247049247049,0.885378434296158,0.7070089517384536,0.8910058857573689,,,,,,3,"219,522,833",,,,,,7a94c0688b96c26c59095fde903d05ed45d0c0d4eb5cd1f4442d2be05fce9b18,aa8854cd2e503503,plaintext,False,0.003,,,,,,,,,,,,,,
fedavg_seed0_50r,FedAvg,0,42,0.7464387464387464,0.7517431768574713,0.747048521017125,0.7643680503324612,,,,,,3,"521,737,740",,,,,,7a94c0688b96c26c59095fde903d05ed45d0c0d4eb5cd1f4442d2be05fce9b18,aa8854cd2e503503,plaintext,False,0.003,,,,,,,,,,,,,,
fedavg_seed0_50r,FedAvg,0,43,0.7620404287070953,0.6865892645719267,0.7613356253243383,0.6982165756755608,,,,,,3,"858,986,183",,,,,,7a94c0688b96c26c59095fde903d05ed45d0c0d4eb5cd1f4442d2be05fce9b18,aa8854cd2e503503,plaintext,False,0.003,,,,,,,,,,,,,,
fedavg_seed0_50r,FedAvg,0,44,0.7285307285307285,0.7350408310246923,0.7328262843798651,0.7446540889621334,,,,,,3,"118,19,41",,,,,,7a94c0688b96c26c59095fde903d05ed45d0c0d4eb5cd1f4442d2be05fce9b18,aa8854cd2e503503,plaintext,False,0.003,,,,,,,,,,,,,,
fedavg_seed0_50r,FedAvg,0,45,0.7058743725410392,0.9259820227202176,0.7023709133367929,0.9447433732486528,,,,,,3,"726,243,342",,,,,,7a94c0688b96c26c59095fde903d05ed45d0c0d4eb5cd1f4442d2be05fce9b18,aa8854cd2e503503,plaintext,False,0.003,,,,,,,,,,,,,,
fedavg_seed0_50r,FedAvg,0,46,0.7434540767874102,0.7804339255739229,0.7399779449922159,0.7997548556906984,,,,,,3,"576,629,557",,,,,,7a94c0688b96c26c59095fde903d05ed45d0c0d4eb5cd1f4442d2be05fce9b18,aa8854cd2e503503,plaintext,False,0.003,,,,,,,,,,,,,,
fedavg_seed0_50r,FedAvg,0,47,0.6178266178266179,1.0821765033412711,0.6156104047742605,1.105289622062464,,,,,,3,"530,926,586",,,,,,7a94c0688b96c26c59095fde903d05ed45d0c0d4eb5cd1f4442d2be05fce9b18,aa8854cd2e503503,plaintext,False,0.003,,,,,,,,,,,,,,
fedavg_seed0_50r,FedAvg,0,48,0.6179622846289513,1.2067175733656885,0.6172969641930461,1.2240712726403677,,,,,,3,"847,474,853",,,,,,7a94c0688b96c26c59095fde903d05ed45d0c0d4eb5cd1f4442d2be05fce9b18,aa8854cd2e503503,plaintext,False,0.003,,,,,,,,,,,,,,
fedavg_seed0_50r,FedAvg,0,49,0.6288156288156288,1.0410272899200699,0.6268811624286456,1.0583833301805552,,,,,,3,"318,794,718",,,,,,7a94c0688b96c26c59095fde903d05ed45d0c0d4eb5cd1f4442d2be05fce9b18,aa8854cd2e503503,plaintext,False,0.003,,,,,,,,,,,,,,
fedavg_seed1_50r,FedAvg,1,0,0.15655948989282323,2.7764296909674684,0.15824468085106383,2.7743391561953588,,,,,,3,"993,859,298",,,,,,1a70484743cdd5ac17fd215bcfdaae273099e9c433d8c1f2d807bd672fcb0912,aa8854cd2e503503,plaintext,False,0.003,,,,,,,,,,,,,,
fedavg_seed1_50r,FedAvg,1,1,0.10297110297110297,2.8068096703369476,0.1019881940840685,2.8113794922806927,,,,,,3,"507,818,452",,,,,,1a70484743cdd5ac17fd215bcfdaae273099e9c433d8c1f2d807bd672fcb0912,aa8854cd2e503503,plaintext,False,0.003,,,,,,,,,,,,,,
fedavg_seed1_50r,FedAvg,1,2,0.18844118844118843,2.2990684018272862,0.18842436429683446,2.301611289068801,,,,,,3,"37,726,846",,,,,,1a70484743cdd5ac17fd215bcfdaae273099e9c433d8c1f2d807bd672fcb0912,aa8854cd2e503503,plaintext,False,0.003,,,,,,,,,,,,,,
fedavg_seed1_50r,FedAvg,1,3,0.10052910052910052,2.7645608449811903,0.10129086663207057,2.770292151058658,,,,,,3,"642,762,909",,,,,,1a70484743cdd5ac17fd215bcfdaae273099e9c433d8c1f2d807bd672fcb0912,aa8854cd2e503503,plaintext,False,0.003,,,,,,,,,,,,,,
fedavg_seed1_50r,FedAvg,1,4,0.13349613349613348,2.47078791469752,0.13082187337830825,2.4763567662663992,,,,,,3,"698,577,763",,,,,,1a70484743cdd5ac17fd215bcfdaae273099e9c433d8c1f2d807bd672fcb0912,aa8854cd2e503503,plaintext,False,0.003,,,,,,,,,,,,,,
fedavg_seed1_50r,FedAvg,1,5,0.09333876000542667,4.827657237812374,0.09154449922158796,4.8093712407196,,,,,,3,"544,515,193",,,,,,1a70484743cdd5ac17fd215bcfdaae273099e9c433d8c1f2d807bd672fcb0912,aa8854cd2e503503,plaintext,False,0.003,,,,,,,,,,,,,,
fedavg_seed1_50r,FedAvg,1,6,0.21516754850088182,2.174843200631647,0.21805267254800206,2.178241729919016,,,,,,3,"978,22,909",,,,,,1a70484743cdd5ac17fd215bcfdaae273099e9c433d8c1f2d807bd672fcb0912,aa8854cd2e503503,plaintext,False,0.003,,,,,,,,,,,,,,
fedavg_seed1_50r,FedAvg,1,7,0.32275132275132273,2.0678450879709738,0.3231058640373638,2.073552868865937,,,,,,3,"778,334,271",,,,,,1a70484743cdd5ac17fd215bcfdaae273099e9c433d8c1f2d807bd672fcb0912,aa8854cd2e503503,plaintext,False,0.003,,,,,,,,,,,,,,
fedavg_seed1_50r,FedAvg,1,8,0.18613485280151948,3.1000344279934677,0.18265114167099117,3.1007991240454813,,,,,,3,"908,265,627",,,,,,1a70484743cdd5ac17fd215bcfdaae273099e9c433d8c1f2d807bd672fcb0912,aa8854cd2e503503,plaintext,False,0.003,,,,,,,,,,,,,,
fedavg_seed1_50r,FedAvg,1,9,0.10541310541310542,6.162577928533015,0.10448559937727037,6.143559750828987,,,,,,3,"2,879,57",,,,,,1a70484743cdd5ac17fd215bcfdaae273099e9c433d8c1f2d807bd672fcb0912,aa8854cd2e503503,plaintext,False,0.003,,,,,,,,,,,,,,
fedavg_seed1_50r,FedAvg,1,10,0.24311490978157646,1.9688871536616668,0.2447619356512714,1.9792047406470168,,,,,,3,"841,956,544",,,,,,1a70484743cdd5ac17fd215bcfdaae273099e9c433d8c1f2d807bd672fcb0912,aa8854cd2e503503,plaintext,False,0.003,,,,,,,,,,,,,,
fedavg_seed1_50r,FedAvg,1,11,0.2768959435626102,1.9793837807638934,0.27651466009340947,1.9909037651056334,,,,,,3,"25,464,372",,,,,,1a70484743cdd5ac17fd215bcfdaae273099e9c433d8c1f2d807bd672fcb0912,aa8854cd2e503503,plaintext,False,0.003,,,,,,,,,,,,,,
fedavg_seed1_50r,FedAvg,1,12,0.2770316103649437,2.2674262382138357,0.2792391022314478,2.26118172719597,,,,,,3,"518,871,797",,,,,,1a70484743cdd5ac17fd215bcfdaae273099e9c433d8c1f2d807bd672fcb0912,aa8854cd2e503503,plaintext,False,0.003,,,,,,,,,,,,,,
fedavg_seed1_50r,FedAvg,1,13,0.3348256681590015,1.9430758958794743,0.32594382459782045,1.9588412330468965,,,,,,3,"945,452,304",,,,,,1a70484743cdd5ac17fd215bcfdaae273099e9c433d8c1f2d807bd672fcb0912,aa8854cd2e503503,plaintext,False,0.003,,,,,,,,,,,,,,
fedavg_seed1_50r,FedAvg,1,14,0.23253289919956588,3.8500264152175294,0.2376751427088739,3.8584725990243807,,,,,,3,"172,278,486",,,,,,1a70484743cdd5ac17fd215bcfdaae273099e9c433d8c1f2d807bd672fcb0912,aa8854cd2e503503,plaintext,False,0.003,,,,,,,,,,,,,,
fedavg_seed1_50r,FedAvg,1,15,0.3295346628679962,1.9998139736118516,0.33967955371043074,1.9986936204205512,,,,,,3,"825,374,488",,,,,,1a70484743cdd5ac17fd215bcfdaae273099e9c433d8c1f2d807bd672fcb0912,aa8854cd2e503503,plaintext,False,0.003,,,,,,,,,,,,,,
fedavg_seed1_50r,FedAvg,1,16,0.409035409035409,1.9176717457583532,0.40662298910223144,1.9382988027214558,,,,,,3,"221,988,882",,,,,,1a70484743cdd5ac17fd215bcfdaae273099e9c433d8c1f2d807bd672fcb0912,aa8854cd2e503503,plaintext,False,0.003,,,,,,,,,,,,,,
fedavg_seed1_50r,FedAvg,1,17,0.2611585944919278,3.1974267756875827,0.2642871043072133,3.1899550127770153,,,,,,3,"786,499,930",,,,,,1a70484743cdd5ac17fd215bcfdaae273099e9c433d8c1f2d807bd672fcb0912,aa8854cd2e503503,plaintext,False,0.003,,,,,,,,,,,,,,
fedavg_seed1_50r,FedAvg,1,18,0.4917921584588251,1.5493847642140899,0.4900103788271925,1.5620956602625844,,,,,,3,"246,751,75",,,,,,1a70484743cdd5ac17fd215bcfdaae273099e9c433d8c1f2d807bd672fcb0912,aa8854cd2e503503,plaintext,False,0.003,,,,,,,,,,,,,,
fedavg_seed1_50r,FedAvg,1,19,0.5792972459639126,1.4034965507494845,0.5786196159833938,1.4134435224620245,,,,,,3,"800,773,23",,,,,,1a70484743cdd5ac17fd215bcfdaae273099e9c433d8c1f2d807bd672fcb0912,aa8854cd2e503503,plaintext,False,0.003,,,,,,,,,,,,,,
fedavg_seed1_50r,FedAvg,1,20,0.20539953873287206,4.17160096625924,0.20183575505967827,4.110888339921407,,,,,,3,"890,694,798",,,,,,1a70484743cdd5ac17fd215bcfdaae273099e9c433d8c1f2d807bd672fcb0912,aa8854cd2e503503,plaintext,False,0.003,,,,,,,,,,,,,,
fedavg_seed1_50r,FedAvg,1,21,0.2568172568172568,2.463182740201683,0.25658406850025944,2.4742086899075604,,,,,,3,"492,383,856",,,,,,1a70484743cdd5ac17fd215bcfdaae273099e9c433d8c1f2d807bd672fcb0912,aa8854cd2e503503,plaintext,False,0.003,,,,,,,,,,,,,,
fedavg_seed1_50r,FedAvg,1,22,0.2524759191425858,2.4941632773188016,0.25074597820446287,2.5077818313181774,,,,,,3,"866,191,732",,,,,,1a70484743cdd5ac17fd215bcfdaae273099e9c433d8c1f2d807bd672fcb0912,aa8854cd2e503503,plaintext,False,0.003,,,,,,,,,,,,,,
fedavg_seed1_50r,FedAvg,1,23,0.36250169583502917,1.914239426292556,0.36244810586403736,1.9236648995715941,,,,,,3,"519,837,208",,,,,,1a70484743cdd5ac17fd215bcfdaae273099e9c433d8c1f2d807bd672fcb0912,aa8854cd2e503503,plaintext,False,0.003,,,,,,,,,,,,,,
fedavg_seed1_50r,FedAvg,1,24,0.3706417039750373,1.8561790833602076,0.3660644784639336,1.8743761674285964,,,,,,3,"131,354,982",,,,,,1a70484743cdd5ac17fd215bcfdaae273099e9c433d8c1f2d807bd672fcb0912,aa8854cd2e503503,plaintext,False,0.003,,,,,,,,,,,,,,
fedavg_seed1_50r,FedAvg,1,25,0.19943019943019943,3.8071903242647904,0.19969512195121952,3.7887022516171567,,,,,,3,"688,49,288",,,,,,1a70484743cdd5ac17fd215bcfdaae273099e9c433d8c1f2d807bd672fcb0912,aa8854cd2e503503,plaintext,False,0.003,,,,,,,,,,,,,,
fedavg_seed1_50r,FedAvg,1,26,0.2975172975172975,1.8289081355354182,0.30367799688635183,1.8260970013103015,,,,,,3,"769,824,107",,,,,,1a70484743cdd5ac17fd215bcfdaae273099e9c433d8c1f2d807bd672fcb0912,aa8854cd2e503503,plaintext,False,0.003,,,,,,,,,,,,,,
fedavg_seed1_50r,FedAvg,1,27,0.36426536426536427,2.0263199490686574,0.36340490399584846,2.0287031480002535,,,,,,3,"754,768,23",,,,,,1a70484743cdd5ac17fd215bcfdaae273099e9c433d8c1f2d807bd672fcb0912,aa8854cd2e503503,plaintext,False,0.003,,,,,,,,,,,,,,
fedavg_seed1_50r,FedAvg,1,28,0.4398317731651065,1.6669882934089064,0.4336890243902439,1.6744253180143973,,,,,,3,"63,312,392",,,,,,1a70484743cdd5ac17fd215bcfdaae273099e9c433d8c1f2d807bd672fcb0912,aa8854cd2e503503,plaintext,False,0.003,,,,,,,,,,,,,,
fedavg_seed1_50r,FedAvg,1,29,0.5422602089268755,1.497728792230808,0.5467695900363259,1.4901840848328547,,,,,,3,"795,973,794",,,,,,1a70484743cdd5ac17fd215bcfdaae273099e9c433d8c1f2d807bd672fcb0912,aa8854cd2e503503,plaintext,False,0.003,,,,,,,,,,,,,,
fedavg_seed1_50r,FedAvg,1,30,0.1588658255324922,4.742967891459323,0.1586338868707836,4.741573257193817,,,,,,3,"923,921,516",,,,,,1a70484743cdd5ac17fd215bcfdaae273099e9c433d8c1f2d807bd672fcb0912,aa8854cd2e503503,plaintext,False,0.003,,,,,,,,,,,,,,
fedavg_seed1_50r,FedAvg,1,31,0.5665445665445665,1.3102783243034275,0.5655163466528282,1.314368866538565,,,,,,3,"975,558,222",,,,,,1a70484743cdd5ac17fd215bcfdaae273099e9c433d8c1f2d807bd672fcb0912,aa8854cd2e503503,plaintext,False,0.003,,,,,,,,,,,,,,
fedavg_seed1_50r,FedAvg,1,32,0.38746438746438744,1.6817641465300135,0.384113907628438,1.6756219268914534,,,,,,3,"632,687,833",,,,,,1a70484743cdd5ac17fd215bcfdaae273099e9c433d8c1f2d807bd672fcb0912,aa8854cd2e503503,plaintext,False,0.003,,,,,,,,,,,,,,
fedavg_seed1_50r,FedAvg,1,33,0.36928503595170264,2.1171070466097377,0.3710592890503373,2.1211859993231093,,,,,,3,"286,402,253",,,,,,1a70484743cdd5ac17fd215bcfdaae273099e9c433d8c1f2d807bd672fcb0912,aa8854cd2e503503,plaintext,False,0.003,,,,,,,,,,,,,,
fedavg_seed1_50r,FedAvg,1,34,0.2924976258309592,3.6565753595438615,0.29835884795018164,3.653964535301584,,,,,,3,"430,972,395",,,,,,1a70484743cdd5ac17fd215bcfdaae273099e9c433d8c1f2d807bd672fcb0912,aa8854cd2e503503,plaintext,False,0.003,,,,,,,,,,,,,,
fedavg_seed1_50r,FedAvg,1,35,0.5806539139872473,1.2995788887732345,0.5816521795537104,1.3176830447085104,,,,,,3,"832,617,638",,,,,,1a70484743cdd5ac17fd215bcfdaae273099e9c433d8c1f2d807bd672fcb0912,aa8854cd2e503503,plaintext,False,0.003,,,,,,,,,,,,,,
fedavg_seed1_50r,FedAvg,1,36,0.5898792565459232,1.149799325204608,0.5965555267254801,1.153675059194661,,,,,,3,"329,898,928",,,,,,1a70484743cdd5ac17fd215bcfdaae273099e9c433d8c1f2d807bd672fcb0912,aa8854cd2e503503,plaintext,False,0.003,,,,,,,,,,,,,,
fedavg_seed1_50r,FedAvg,1,37,0.5069868403201736,1.3135729697490082,0.5034217695900364,1.3275718992151064,,,,,,3,"982,697,11",,,,,,1a70484743cdd5ac17fd215bcfdaae273099e9c433d8c1f2d807bd672fcb0912,aa8854cd2e503503,plaintext,False,0.003,,,,,,,,,,,,,,
fedavg_seed1_50r,FedAvg,1,38,0.5006105006105006,1.4476053491947567,0.5016379086663207,1.4458404182950946,,,,,,3,"635,215,10",,,,,,1a70484743cdd5ac17fd215bcfdaae273099e9c433d8c1f2d807bd672fcb0912,aa8854cd2e503503,plaintext,False,0.003,,,,,,,,,,,,,,
fedavg_seed1_50r,FedAvg,1,39,0.5023741690408358,1.5005039639962505,0.5067138038401661,1.5049227708106592,,,,,,3,"173,201,929",,,,,,1a70484743cdd5ac17fd215bcfdaae273099e9c433d8c1f2d807bd672fcb0912,aa8854cd2e503503,plaintext,False,0.003,,,,,,,,,,,,,,
fedavg_seed1_50r,FedAvg,1,40,0.5312711979378646,1.4991622424279567,0.538061105345096,1.4837653673777746,,,,,,3,"204,71,594",,,,,,1a70484743cdd5ac17fd215bcfdaae273099e9c433d8c1f2d807bd672fcb0912,aa8854cd2e503503,plaintext,False,0.003,,,,,,,,,,,,,,
fedavg_seed1_50r,FedAvg,1,41,0.691358024691358,0.9289976788625641,0.6945543591074209,0.9302487074924758,,,,,,3,"219,522,833",,,,,,1a70484743cdd5ac17fd215bcfdaae273099e9c433d8c1f2d807bd672fcb0912,aa8854cd2e503503,plaintext,False,0.003,,,,,,,,,,,,,,
fedavg_seed1_50r,FedAvg,1,42,0.7145570478903812,0.8220858889009189,0.7133822003113648,0.8329442369496236,,,,,,3,"521,737,740",,,,,,1a70484743cdd5ac17fd215bcfdaae273099e9c433d8c1f2d807bd672fcb0912,aa8854cd2e503503,plaintext,False,0.003,,,,,,,,,,,,,,
fedavg_seed1_50r,FedAvg,1,43,0.7293447293447294,0.7781193313615786,0.7270692786715102,0.7857277346252388,,,,,,3,"858,986,183",,,,,,1a70484743cdd5ac17fd215bcfdaae273099e9c433d8c1f2d807bd672fcb0912,aa8854cd2e503503,plaintext,False,0.003,,,,,,,,,,,,,,
fedavg_seed1_50r,FedAvg,1,44,0.702075702075702,0.835658502135858,0.7035060975609756,0.844247614716062,,,,,,3,"118,19,41",,,,,,1a70484743cdd5ac17fd215bcfdaae273099e9c433d8c1f2d807bd672fcb0912,aa8854cd2e503503,plaintext,False,0.003,,,,,,,,,,,,,,
fedavg_seed1_50r,FedAvg,1,45,0.5991045991045991,1.3081699101957054,0.5981610015568241,1.355127990296806,,,,,,3,"726,243,342",,,,,,1a70484743cdd5ac17fd215bcfdaae273099e9c433d8c1f2d807bd672fcb0912,aa8854cd2e503503,plaintext,False,0.003,,,,,,,,,,,,,,
fedavg_seed1_50r,FedAvg,1,46,0.6556776556776557,1.0180402664776886,0.6578230409963675,1.0473085138169766,,,,,,3,"576,629,557",,,,,,1a70484743cdd5ac17fd215bcfdaae273099e9c433d8c1f2d807bd672fcb0912,aa8854cd2e503503,plaintext,False,0.003,,,,,,,,,,,,,,
fedavg_seed1_50r,FedAvg,1,47,0.5703432370099036,1.3171246817142985,0.571662558380903,1.3496501015668139,,,,,,3,"530,926,586",,,,,,1a70484743cdd5ac17fd215bcfdaae273099e9c433d8c1f2d807bd672fcb0912,aa8854cd2e503503,plaintext,False,0.003,,,,,,,,,,,,,,
fedavg_seed1_50r,FedAvg,1,48,0.483652150318817,1.457662546426232,0.48545342501297356,1.473643761648773,,,,,,3,"847,474,853",,,,,,1a70484743cdd5ac17fd215bcfdaae273099e9c433d8c1f2d807bd672fcb0912,aa8854cd2e503503,plaintext,False,0.003,,,,,,,,,,,,,,
fedavg_seed1_50r,FedAvg,1,49,0.5963912630579298,1.1462470902475383,0.5985177737415672,1.162388191616362,,,,,,3,"318,794,718",,,,,,1a70484743cdd5ac17fd215bcfdaae273099e9c433d8c1f2d807bd672fcb0912,aa8854cd2e503503,plaintext,False,0.003,,,,,,,,,,,,,,
fedavg_seed2_50r,FedAvg,2,0,0.17568850902184235,2.68529521565055,0.17650492994291644,2.6844490900796174,,,,,,3,"993,859,298",,,,,,5f88657edcac7b0e9a53a0a3b541085b9a0e921d0e96a804dc807cbe13c58e79,aa8854cd2e503503,plaintext,False,0.003,,,,,,,,,,,,,,
fedavg_seed2_50r,FedAvg,2,1,0.10297110297110297,2.7234040181949917,0.1019881940840685,2.7269231202240336,,,,,,3,"507,818,452",,,,,,5f88657edcac7b0e9a53a0a3b541085b9a0e921d0e96a804dc807cbe13c58e79,aa8854cd2e503503,plaintext,False,0.003,,,,,,,,,,,,,,
fedavg_seed2_50r,FedAvg,2,2,0.14557047890381225,2.4363046003607427,0.14591982355993774,2.436848078195642,,,,,,3,"37,726,846",,,,,,5f88657edcac7b0e9a53a0a3b541085b9a0e921d0e96a804dc807cbe13c58e79,aa8854cd2e503503,plaintext,False,0.003,,,,,,,,,,,,,,
fedavg_seed2_50r,FedAvg,2,3,0.09862976529643196,2.9482122447800077,0.09996107939802802,2.9510462065622427,,,,,,3,"642,762,909",,,,,,5f88657edcac7b0e9a53a0a3b541085b9a0e921d0e96a804dc807cbe13c58e79,aa8854cd2e503503,plaintext,False,0.003,,,,,,,,,,,,,,
fedavg_seed2_50r,FedAvg,2,4,0.09903676570343237,2.49682910412271,0.0976258432797094,2.5002734701583655,,,,,,3,"698,577,763",,,,,,5f88657edcac7b0e9a53a0a3b541085b9a0e921d0e96a804dc807cbe13c58e79,aa8854cd2e503503,plaintext,False,0.003,,,,,,,,,,,,,,
fedavg_seed2_50r,FedAvg,2,5,0.09238909238909239,4.44023325361092,0.09039309807991697,4.43551295596212,,,,,,3,"544,515,193",,,,,,5f88657edcac7b0e9a53a0a3b541085b9a0e921d0e96a804dc807cbe13c58e79,aa8854cd2e503503,plaintext,False,0.003,,,,,,,,,,,,,,
fedavg_seed2_50r,FedAvg,2,6,0.2612942612942613,2.1144853792008123,0.25786520498183707,2.118122176139132,,,,,,3,"978,22,909",,,,,,5f88657edcac7b0e9a53a0a3b541085b9a0e921d0e96a804dc807cbe13c58e79,aa8854cd2e503503,plaintext,False,0.003,,,,,,,,,,,,,,
fedavg_seed2_50r,FedAvg,2,7,0.27350427350427353,2.058672695919384,0.2719090555267255,2.0633784540018842,,,,,,3,"778,334,271",,,,,,5f88657edcac7b0e9a53a0a3b541085b9a0e921d0e96a804dc807cbe13c58e79,aa8854cd2e503503,plaintext,False,0.003,,,,,,,,,,,,,,
fedavg_seed2_50r,FedAvg,2,8,0.15655948989282323,3.079374203949928,0.15477426050856252,3.0848491005212857,,,,,,3,"908,265,627",,,,,,5f88657edcac7b0e9a53a0a3b541085b9a0e921d0e96a804dc807cbe13c58e79,aa8854cd2e503503,plaintext,False,0.003,,,,,,,,,,,,,,
fedavg_seed2_50r,FedAvg,2,9,0.10120743454076787,6.336267540411048,0.0993934872859367,6.335460101301404,,,,,,3,"2,879,57",,,,,,5f88657edcac7b0e9a53a0a3b541085b9a0e921d0e96a804dc807cbe13c58e79,aa8854cd2e503503,plaintext,False,0.003,,,,,,,,,,,,,,
fedavg_seed2_50r,FedAvg,2,10,0.2629222629222629,1.9517882250359562,0.26024909185262063,1.9588344832918532,,,,,,3,"841,956,544",,,,,,5f88657edcac7b0e9a53a0a3b541085b9a0e921d0e96a804dc807cbe13c58e79,aa8854cd2e503503,plaintext,False,0.003,,,,,,,,,,,,,,
fedavg_seed2_50r,FedAvg,2,11,0.26997693664360334,1.9829590922455793,0.27174688635184224,1.9902285531301078,,,,,,3,"25,464,372",,,,,,5f88657edcac7b0e9a53a0a3b541085b9a0e921d0e96a804dc807cbe13c58e79,aa8854cd2e503503,plaintext,False,0.003,,,,,,,,,,,,,,
fedavg_seed2_50r,FedAvg,2,12,0.2617012617012617,2.2706515386809545,0.26569797612869744,2.267808239774209,,,,,,3,"518,871,797",,,,,,5f88657edcac7b0e9a53a0a3b541085b9a0e921d0e96a804dc807cbe13c58e79,aa8854cd2e503503,plaintext,False,0.003,,,,,,,,,,,,,,
fedavg_seed2_50r,FedAvg,2,13,0.26699226699226697,1.9989361066243336,0.25976258432797095,2.0143030941780933,,,,,,3,"945,452,304",,,,,,5f88657edcac7b0e9a53a0a3b541085b9a0e921d0e96a804dc807cbe13c58e79,aa8854cd2e503503,plaintext,False,0.003,,,,,,,,,,,,,,
fedavg_seed2_50r,FedAvg,2,14,0.22086555419888754,3.6113798912152286,0.22818824597820447,3.614839120079817,,,,,,3,"172,278,486",,,,,,5f88657edcac7b0e9a53a0a3b541085b9a0e921d0e96a804dc807cbe13c58e79,aa8854cd2e503503,plaintext,False,0.003,,,,,,,,,,,,,,
fedavg_seed2_50r,FedAvg,2,15,0.35558268891602224,2.0321175826286635,0.3553937467566165,2.03532734633088,,,,,,3,"825,374,488",,,,,,5f88657edcac7b0e9a53a0a3b541085b9a0e921d0e96a804dc807cbe13c58e79,aa8854cd2e503503,plaintext,False,0.003,,,,,,,,,,,,,,
fedavg_seed2_50r,FedAvg,2,16,0.3285849952516619,2.1580588865254224,0.32463025428126624,2.172829518248213,,,,,,3,"221,988,882",,,,,,5f88657edcac7b0e9a53a0a3b541085b9a0e921d0e96a804dc807cbe13c58e79,aa8854cd2e503503,plaintext,False,0.003,,,,,,,,,,,,,,
fedavg_seed2_50r,FedAvg,2,17,0.29032695699362365,2.5528740918783352,0.2910450181629476,2.5546399903239743,,,,,,3,"786,499,930",,,,,,5f88657edcac7b0e9a53a0a3b541085b9a0e921d0e96a804dc807cbe13c58e79,aa8854cd2e503503,plaintext,False,0.003,,,,,,,,,,,,,,
fedavg_seed2_50r,FedAvg,2,18,0.5529778863112197,1.4303177177689725,0.5520400882200311,1.4374187031765524,,,,,,3,"246,751,75",,,,,,5f88657edcac7b0e9a53a0a3b541085b9a0e921d0e96a804dc807cbe13c58e79,aa8854cd2e503503,plaintext,False,0.003,,,,,,,,,,,,,,
fedavg_seed2_50r,FedAvg,2,19,0.6110432777099444,1.3223314748978663,0.6134535547483134,1.3291183847210988,,,,,,3,"800,773,23",,,,,,5f88657edcac7b0e9a53a0a3b541085b9a0e921d0e96a804dc807cbe13c58e79,aa8854cd2e503503,plaintext,False,0.003,,,,,,,,,,,,,,
fedavg_seed2_50r,FedAvg,2,20,0.18884818884818885,3.8264557337234013,0.18887843798650752,3.7824937059037547,,,,,,3,"890,694,798",,,,,,5f88657edcac7b0e9a53a0a3b541085b9a0e921d0e96a804dc807cbe13c58e79,aa8854cd2e503503,plaintext,False,0.003,,,,,,,,,,,,,,
fedavg_seed2_50r,FedAvg,2,21,0.22900556233889569,2.9832406017166386,0.2309289050337312,2.991376567541609,,,,,,3,"492,383,856",,,,,,5f88657edcac7b0e9a53a0a3b541085b9a0e921d0e96a804dc807cbe13c58e79,aa8854cd2e503503,plaintext,False,0.003,,,,,,,,,,,,,,
fedavg_seed2_50r,FedAvg,2,22,0.2876136209469543,2.207099865122077,0.29109366891541255,2.214405839639538,,,,,,3,"866,191,732",,,,,,5f88657edcac7b0e9a53a0a3b541085b9a0e921d0e96a804dc807cbe13c58e79,aa8854cd2e503503,plaintext,False,0.003,,,,,,,,,,,,,,
fedavg_seed2_50r,FedAvg,2,23,0.4437661104327771,1.6835208165014837,0.44487869745718733,1.691848971860164,,,,,,3,"519,837,208",,,,,,5f88657edcac7b0e9a53a0a3b541085b9a0e921d0e96a804dc807cbe13c58e79,aa8854cd2e503503,plaintext,False,0.003,,,,,,,,,,,,,,
fedavg_seed2_50r,FedAvg,2,24,0.41948175281508615,1.6372512943245163,0.4158828489880643,1.6553355448609632,,,,,,3,"131,354,982",,,,,,5f88657edcac7b0e9a53a0a3b541085b9a0e921d0e96a804dc807cbe13c58e79,aa8854cd2e503503,plaintext,False,0.003,,,,,,,,,,,,,,
fedavg_seed2_50r,FedAvg,2,25,0.18491385158051823,4.285754632402956,0.18359172288531395,4.286460961126582,,,,,,3,"688,49,288",,,,,,5f88657edcac7b0e9a53a0a3b541085b9a0e921d0e96a804dc807cbe13c58e79,aa8854cd2e503503,plaintext,False,0.003,,,,,,,,,,,,,,
fedavg_seed2_50r,FedAvg,2,26,0.3024013024013024,1.8274445760376794,0.3038563829787234,1.8252122350419269,,,,,,3,"769,824,107",,,,,,5f88657edcac7b0e9a53a0a3b541085b9a0e921d0e96a804dc807cbe13c58e79,aa8854cd2e503503,plaintext,False,0.003,,,,,,,,,,,,,,
fedavg_seed2_50r,FedAvg,2,27,0.3623660290326957,1.966739022487965,0.36136157239231964,1.9748089286958728,,,,,,3,"754,768,23",,,,,,5f88657edcac7b0e9a53a0a3b541085b9a0e921d0e96a804dc807cbe13c58e79,aa8854cd2e503503,plaintext,False,0.003,,,,,,,,,,,,,,
fedavg_seed2_50r,FedAvg,2,28,0.48161714828381497,1.5317265887475537,0.4812045926310327,1.5433998269221723,,,,,,3,"63,312,392",,,,,,5f88657edcac7b0e9a53a0a3b541085b9a0e921d0e96a804dc807cbe13c58e79,aa8854cd2e503503,plaintext,False,0.003,,,,,,,,,,,,,,
fedavg_seed2_50r,FedAvg,2,29,0.5210961877628544,1.3978939516189466,0.5263849247535028,1.3999072658753966,,,,,,3,"795,973,794",,,,,,5f88657edcac7b0e9a53a0a3b541085b9a0e921d0e96a804dc807cbe13c58e79,aa8854cd2e503503,plaintext,False,0.003,,,,,,,,,,,,,,
fedavg_seed2_50r,FedAvg,2,30,0.19766653099986434,3.9813159897297083,0.19692202906071615,3.9886700232299757,,,,,,3,"923,921,516",,,,,,5f88657edcac7b0e9a53a0a3b541085b9a0e921d0e96a804dc807cbe13c58e79,aa8854cd2e503503,plaintext,False,0.003,,,,,,,,,,,,,,
fedavg_seed2_50r,FedAvg,2,31,0.582281915615249,1.2568250182993193,0.5802575246497146,1.2604588135910733,,,,,,3,"975,558,222",,,,,,5f88657edcac7b0e9a53a0a3b541085b9a0e921d0e96a804dc807cbe13c58e79,aa8854cd2e503503,plaintext,False,0.003,,,,,,,,,,,,,,
fedavg_seed2_50r,FedAvg,2,32,0.36426536426536427,1.5884795761504833,0.36053450960041517,1.583128100719821,,,,,,3,"632,687,833",,,,,,5f88657edcac7b0e9a53a0a3b541085b9a0e921d0e96a804dc807cbe13c58e79,aa8854cd2e503503,plaintext,False,0.003,,,,,,,,,,,,,,
fedavg_seed2_50r,FedAvg,2,33,0.4052367385700719,1.9148908549581174,0.4024390243902439,1.928754263771601,,,,,,3,"286,402,253",,,,,,5f88657edcac7b0e9a53a0a3b541085b9a0e921d0e96a804dc807cbe13c58e79,aa8854cd2e503503,plaintext,False,0.003,,,,,,,,,,,,,,
fedavg_seed2_50r,FedAvg,2,34,0.32722832722832723,3.0191313422019754,0.33084133367929425,3.0163453025581504,,,,,,3,"430,972,395",,,,,,5f88657edcac7b0e9a53a0a3b541085b9a0e921d0e96a804dc807cbe13c58e79,aa8854cd2e503503,plaintext,False,0.003,,,,,,,,,,,,,,
fedavg_seed2_50r,FedAvg,2,35,0.5627458960792294,1.320206162542978,0.563651401141671,1.3360062447372465,,,,,,3,"832,617,638",,,,,,5f88657edcac7b0e9a53a0a3b541085b9a0e921d0e96a804dc807cbe13c58e79,aa8854cd2e503503,plaintext,False,0.003,,,,,,,,,,,,,,
fedavg_seed2_50r,FedAvg,2,36,0.5547415547415547,1.2492988105045844,0.5576673585884795,1.253562232137837,,,,,,3,"329,898,928",,,,,,5f88657edcac7b0e9a53a0a3b541085b9a0e921d0e96a804dc807cbe13c58e79,aa8854cd2e503503,plaintext,False,0.003,,,,,,,,,,,,,,
fedavg_seed2_50r,FedAvg,2,37,0.512006512006512,1.421329967406897,0.506162428645563,1.4404966826232608,,,,,,3,"982,697,11",,,,,,5f88657edcac7b0e9a53a0a3b541085b9a0e921d0e96a804dc807cbe13c58e79,aa8854cd2e503503,plaintext,False,0.003,,,,,,,,,,,,,,
fedavg_seed2_50r,FedAvg,2,38,0.44959978293311625,1.5864171076839666,0.4521925272444214,1.5925625486938215,,,,,,3,"635,215,10",,,,,,5f88657edcac7b0e9a53a0a3b541085b9a0e921d0e96a804dc807cbe13c58e79,aa8854cd2e503503,plaintext,False,0.003,,,,,,,,,,,,,,
fedavg_seed2_50r,FedAvg,2,39,0.4919278252611586,1.4466500158581856,0.4890373637778931,1.4624844987072756,,,,,,3,"173,201,929",,,,,,5f88657edcac7b0e9a53a0a3b541085b9a0e921d0e96a804dc807cbe13c58e79,aa8854cd2e503503,plaintext,False,0.003,,,,,,,,,,,,,,
fedavg_seed2_50r,FedAvg,2,40,0.48121014787681454,1.477793676120093,0.48483718214841726,1.4820937345142169,,,,,,3,"204,71,594",,,,,,5f88657edcac7b0e9a53a0a3b541085b9a0e921d0e96a804dc807cbe13c58e79,aa8854cd2e503503,plaintext,False,0.003,,,,,,,,,,,,,,
fedavg_seed2_50r,FedAvg,2,41,0.7140143806810474,0.8601893048767493,0.7141281785158277,0.870930991493516,,,,,,3,"219,522,833",,,,,,5f88657edcac7b0e9a53a0a3b541085b9a0e921d0e96a804dc807cbe13c58e79,aa8854cd2e503503,plaintext,False,0.003,,,,,,,,,,,,,,
fedavg_seed2_50r,FedAvg,2,42,0.7382987382987383,0.7731459763022458,0.7349831344058121,0.7888196730004149,,,,,,3,"521,737,740",,,,,,5f88657edcac7b0e9a53a0a3b541085b9a0e921d0e96a804dc807cbe13c58e79,aa8854cd2e503503,plaintext,False,0.003,,,,,,,,,,,,,,
fedavg_seed2_50r,FedAvg,2,43,0.7503730837064171,0.7470514387361834,0.7484107420861442,0.7609403286013191,,,,,,3,"858,986,183",,,,,,5f88657edcac7b0e9a53a0a3b541085b9a0e921d0e96a804dc807cbe13c58e79,aa8854cd2e503503,plaintext,False,0.003,,,,,,,,,,,,,,
fedavg_seed2_50r,FedAvg,2,44,0.733007733007733,0.7619868744130085,0.7301018422418267,0.776181839831863,,,,,,3,"118,19,41",,,,,,5f88657edcac7b0e9a53a0a3b541085b9a0e921d0e96a804dc807cbe13c58e79,aa8854cd2e503503,plaintext,False,0.003,,,,,,,,,,,,,,
fedavg_seed2_50r,FedAvg,2,45,0.7578347578347578,0.8202606057405634,0.7528379605604567,0.8404583803426496,,,,,,3,"726,243,342",,,,,,5f88657edcac7b0e9a53a0a3b541085b9a0e921d0e96a804dc807cbe13c58e79,aa8854cd2e503503,plaintext,False,0.003,,,,,,,,,,,,,,
fedavg_seed2_50r,FedAvg,2,46,0.6921720255053588,0.846655368285477,0.6895919823559937,0.8642207986115217,,,,,,3,"576,629,557",,,,,,5f88657edcac7b0e9a53a0a3b541085b9a0e921d0e96a804dc807cbe13c58e79,aa8854cd2e503503,plaintext,False,0.003,,,,,,,,,,,,,,
fedavg_seed2_50r,FedAvg,2,47,0.6210826210826211,1.0886942514474702,0.619145692786715,1.1132027614617193,,,,,,3,"530,926,586",,,,,,5f88657edcac7b0e9a53a0a3b541085b9a0e921d0e96a804dc807cbe13c58e79,aa8854cd2e503503,plaintext,False,0.003,,,,,,,,,,,,,,
fedavg_seed2_50r,FedAvg,2,48,0.5921855921855922,1.2892274524288505,0.5867118578100675,1.3140016588887147,,,,,,3,"847,474,853",,,,,,5f88657edcac7b0e9a53a0a3b541085b9a0e921d0e96a804dc807cbe13c58e79,aa8854cd2e503503,plaintext,False,0.003,,,,,,,,,,,,,,
fedavg_seed2_50r,FedAvg,2,49,0.5943562610229277,1.1841010593045973,0.5878470420342501,1.211092192256041,,,,,,3,"318,794,718",,,,,,5f88657edcac7b0e9a53a0a3b541085b9a0e921d0e96a804dc807cbe13c58e79,aa8854cd2e503503,plaintext,False,0.003,,,,,,,,,,,,,,
fedrep_seed0_50r,FedRep,0,0,0.15737349070682405,2.5522637408893347,0.15942851582771148,2.550470299952092,,,,,,3,"993,859,298",,,,,,4e911631e44a20c91d04e783fb8ef43cd509cb5530bff1d677e79e5afa832fea,aa8854cd2e503503,plaintext,False,0.003,,,,,,,,,,,,,,
fedrep_seed0_50r,FedRep,0,1,0.13024013024013023,2.834249641788231,0.13335171250648678,2.8349919301998034,,,,,,3,"507,818,452",,,,,,4e911631e44a20c91d04e783fb8ef43cd509cb5530bff1d677e79e5afa832fea,aa8854cd2e503503,plaintext,False,0.003,,,,,,,,,,,,,,
fedrep_seed0_50r,FedRep,0,2,0.09998643331976666,2.8603915053021387,0.10036650233523611,2.8633648340074553,,,,,,3,"37,726,846",,,,,,4e911631e44a20c91d04e783fb8ef43cd509cb5530bff1d677e79e5afa832fea,aa8854cd2e503503,plaintext,False,0.003,,,,,,,,,,,,,,
fedrep_seed0_50r,FedRep,0,3,0.10134310134310134,2.890447184924613,0.10146925272444214,2.897163303272786,,,,,,3,"642,762,909",,,,,,4e911631e44a20c91d04e783fb8ef43cd509cb5530bff1d677e79e5afa832fea,aa8854cd2e503503,plaintext,False,0.003,,,,,,,,,,,,,,
fedrep_seed0_50r,FedRep,0,4,0.10269976936643603,2.9399765694688025,0.10216658017644006,2.9489023634389655,,,,,,3,"698,577,763",,,,,,4e911631e44a20c91d04e783fb8ef43cd509cb5530bff1d677e79e5afa832fea,aa8854cd2e503503,plaintext,False,0.003,,,,,,,,,,,,,,
fedrep_seed0_50r,FedRep,0,5,0.10771944105277438,2.8749730864696668,0.10779385054488842,2.8805004869473145,,,,,,3,"544,515,193",,,,,,4e911631e44a20c91d04e783fb8ef43cd509cb5530bff1d677e79e5afa832fea,aa8854cd2e503503,plaintext,False,0.003,,,,,,,,,,,,,,
fedrep_seed0_50r,FedRep,0,6,0.12901912901912901,2.868648493296821,0.12988129216398547,2.8739956294997047,,,,,,3,"978,22,909",,,,,,4e911631e44a20c91d04e783fb8ef43cd509cb5530bff1d677e79e5afa832fea,aa8854cd2e503503,plaintext,False,0.003,,,,,,,,,,,,,,
fedrep_seed0_50r,FedRep,0,7,0.12657712657712658,2.668795875898696,0.1264919564089258,2.6762173327023007,,,,,,3,"778,334,271",,,,,,4e911631e44a20c91d04e783fb8ef43cd509cb5530bff1d677e79e5afa832fea,aa8854cd2e503503,plaintext,False,0.003,,,,,,,,,,,,,,
fedrep_seed0_50r,FedRep,0,8,0.12711979378646046,2.6576341093011053,0.1284704203425013,2.666255860928262,,,,,,3,"908,265,627",,,,,,4e911631e44a20c91d04e783fb8ef43cd509cb5530bff1d677e79e5afa832fea,aa8854cd2e503503,plaintext,False,0.003,,,,,,,,,,,,,,
fedrep_seed0_50r,FedRep,0,9,0.17121150454483788,2.467309592217893,0.17071549039958483,2.475635113231278,,,,,,3,"2,879,57",,,,,,4e911631e44a20c91d04e783fb8ef43cd509cb5530bff1d677e79e5afa832fea,aa8854cd2e503503,plaintext,False,0.003,,,,,,,,,,,,,,
fedrep_seed0_50r,FedRep,0,10,0.16469949803283138,2.451441011588496,0.16649909185262066,2.4609825876118623,,,,,,3,"841,956,544",,,,,,4e911631e44a20c91d04e783fb8ef43cd509cb5530bff1d677e79e5afa832fea,aa8854cd2e503503,plaintext,False,0.003,,,,,,,,,,,,,,
fedrep_seed0_50r,FedRep,0,11,0.1942748609415276,2.286986535955071,0.1946516606123508,2.295897642749066,,,,,,3,"25,464,372",,,,,,4e911631e44a20c91d04e783fb8ef43cd509cb5530bff1d677e79e5afa832fea,aa8854cd2e503503,plaintext,False,0.003,,,,,,,,,,,,,,
fedrep_seed0_50r,FedRep,0,12,0.21299687966354633,2.123098426668792,0.21116048261546444,2.1316946761741824,,,,,,3,"518,871,797",,,,,,4e911631e44a20c91d04e783fb8ef43cd509cb5530bff1d677e79e5afa832fea,aa8854cd2e503503,plaintext,False,0.003,,,,,,,,,,,,,,
fedrep_seed0_50r,FedRep,0,13,0.20621353954687288,2.1636924746685997,0.20538725998962118,2.1731948056723422,,,,,,3,"945,452,304",,,,,,4e911631e44a20c91d04e783fb8ef43cd509cb5530bff1d677e79e5afa832fea,aa8854cd2e503503,plaintext,False,0.003,,,,,,,,,,,,,,
fedrep_seed0_50r,FedRep,0,14,0.22900556233889569,2.2164633184933074,0.2296477685521536,2.2262361580909795,,,,,,3,"172,278,486",,,,,,4e911631e44a20c91d04e783fb8ef43cd509cb5530bff1d677e79e5afa832fea,aa8854cd2e503503,plaintext,False,0.003,,,,,,,,,,,,,,
fedrep_seed0_50r,FedRep,0,15,0.29507529507529506,2.023892660272748,0.2922126362221069,2.0345215907382994,,,,,,3,"825,374,488",,,,,,4e911631e44a20c91d04e783fb8ef43cd509cb5530bff1d677e79e5afa832fea,aa8854cd2e503503,plaintext,False,0.003,,,,,,,,,,,,,,
fedrep_seed0_50r,FedRep,0,16,0.32451499118165783,2.0132111994550708,0.32365723923196676,2.0215904413558903,,,,,,3,"221,988,882",,,,,,4e911631e44a20c91d04e783fb8ef43cd509cb5530bff1d677e79e5afa832fea,aa8854cd2e503503,plaintext,False,0.003,,,,,,,,,,,,,,
fedrep_seed0_50r,FedRep,0,17,0.36250169583502917,1.8280461500371965,0.3622697197716658,1.836157771152987,,,,,,3,"786,499,930",,,,,,4e911631e44a20c91d04e783fb8ef43cd509cb5530bff1d677e79e5afa832fea,aa8854cd2e503503,plaintext,False,0.003,,,,,,,,,,,,,,
fedrep_seed0_50r,FedRep,0,18,0.4306064306064306,1.7052374939569297,0.4334782044628957,1.7115200705858054,,,,,,3,"246,751,75",,,,,,4e911631e44a20c91d04e783fb8ef43cd509cb5530bff1d677e79e5afa832fea,aa8854cd2e503503,plaintext,False,0.003,,,,,,,,,,,,,,
fedrep_seed0_50r,FedRep,0,19,0.3820377153710487,1.7084675803611722,0.38748702646600935,1.7110566478728608,,,,,,3,"800,773,23",,,,,,4e911631e44a20c91d04e783fb8ef43cd509cb5530bff1d677e79e5afa832fea,aa8854cd2e503503,plaintext,False,0.003,,,,,,,,,,,,,,
fedrep_seed0_50r,FedRep,0,20,0.36982770316103647,1.7234481288247574,0.36754021795537106,1.7301022683737675,,,,,,3,"890,694,798",,,,,,4e911631e44a20c91d04e783fb8ef43cd509cb5530bff1d677e79e5afa832fea,aa8854cd2e503503,plaintext,False,0.003,,,,,,,,,,,,,,
fedrep_seed0_50r,FedRep,0,21,0.2975172975172975,1.7936922864746614,0.2947424753502854,1.7957139039560621,,,,,,3,"492,383,856",,,,,,4e911631e44a20c91d04e783fb8ef43cd509cb5530bff1d677e79e5afa832fea,aa8854cd2e503503,plaintext,False,0.003,,,,,,,,,,,,,,
fedrep_seed0_50r,FedRep,0,22,0.30185863519196854,1.8364962878152908,0.2996237675142709,1.838049829193499,,,,,,3,"866,191,732",,,,,,4e911631e44a20c91d04e783fb8ef43cd509cb5530bff1d677e79e5afa832fea,aa8854cd2e503503,plaintext,False,0.003,,,,,,,,,,,,,,
fedrep_seed0_50r,FedRep,0,23,0.3110839777506444,1.8545958335775015,0.308494421380384,1.8568868280232647,,,,,,3,"519,837,208",,,,,,4e911631e44a20c91d04e783fb8ef43cd509cb5530bff1d677e79e5afa832fea,aa8854cd2e503503,plaintext,False,0.003,,,,,,,,,,,,,,
fedrep_seed0_50r,FedRep,0,24,0.33238366571699907,1.828175430280397,0.3349604307213285,1.8295042432776634,,,,,,3,"131,354,982",,,,,,4e911631e44a20c91d04e783fb8ef43cd509cb5530bff1d677e79e5afa832fea,aa8854cd2e503503,plaintext,False,0.003,,,,,,,,,,,,,,
fedrep_seed0_50r,FedRep,0,25,0.37159137159137157,1.7136993089194266,0.36700505967825636,1.7158992293166304,,,,,,3,"688,49,288",,,,,,4e911631e44a20c91d04e783fb8ef43cd509cb5530bff1d677e79e5afa832fea,aa8854cd2e503503,plaintext,False,0.003,,,,,,,,,,,,,,
fedrep_seed0_50r,FedRep,0,26,0.36996336996337,1.5887644010864281,0.3695024649714582,1.5894935755387258,,,,,,3,"769,824,107",,,,,,4e911631e44a20c91d04e783fb8ef43cd509cb5530bff1d677e79e5afa832fea,aa8854cd2e503503,plaintext,False,0.003,,,,,,,,,,,,,,
fedrep_seed0_50r,FedRep,0,27,0.3463573463573464,1.7066800803670792,0.3452419564089258,1.7085663215955236,,,,,,3,"754,768,23",,,,,,4e911631e44a20c91d04e783fb8ef43cd509cb5530bff1d677e79e5afa832fea,aa8854cd2e503503,plaintext,False,0.003,,,,,,,,,,,,,,
fedrep_seed0_50r,FedRep,0,28,0.369692036358703,1.6929617342414836,0.3656590555267255,1.6940414830126946,,,,,,3,"63,312,392",,,,,,4e911631e44a20c91d04e783fb8ef43cd509cb5530bff1d677e79e5afa832fea,aa8854cd2e503503,plaintext,False,0.003,,,,,,,,,,,,,,
fedrep_seed0_50r,FedRep,0,29,0.3664360331026998,1.676143185698332,0.3641670991177997,1.6773963250761184,,,,,,3,"795,973,794",,,,,,4e911631e44a20c91d04e783fb8ef43cd509cb5530bff1d677e79e5afa832fea,aa8854cd2e503503,plaintext,False,0.003,,,,,,,,,,,,,,
fedrep_seed0_50r,FedRep,0,30,0.3576176909510243,1.767939427579673,0.3576478982874935,1.7662176202055053,,,,,,3,"923,921,516",,,,,,4e911631e44a20c91d04e783fb8ef43cd509cb5530bff1d677e79e5afa832fea,aa8854cd2e503503,plaintext,False,0.003,,,,,,,,,,,,,,
fedrep_seed0_50r,FedRep,0,31,0.3460860127526794,1.8552035584593598,0.343198624805397,1.8563597373594936,,,,,,3,"975,558,222",,,,,,4e911631e44a20c91d04e783fb8ef43cd509cb5530bff1d677e79e5afa832fea,aa8854cd2e503503,plaintext,False,0.003,,,,,,,,,,,,,,
fedrep_seed0_50r,FedRep,0,32,0.34201600868267534,1.8354727491322762,0.3422742605085625,1.8364978903318832,,,,,,3,"632,687,833",,,,,,4e911631e44a20c91d04e783fb8ef43cd509cb5530bff1d677e79e5afa832fea,aa8854cd2e503503,plaintext,False,0.003,,,,,,,,,,,,,,
fedrep_seed0_50r,FedRep,0,33,0.3637226970560304,1.7897061326434276,0.3650103788271925,1.7879257075067916,,,,,,3,"286,402,253",,,,,,4e911631e44a20c91d04e783fb8ef43cd509cb5530bff1d677e79e5afa832fea,aa8854cd2e503503,plaintext,False,0.003,,,,,,,,,,,,,,
fedrep_seed0_50r,FedRep,0,34,0.41120607787274455,1.6517439805820502,0.4106285677218474,1.6479979403096283,,,,,,3,"430,972,395",,,,,,4e911631e44a20c91d04e783fb8ef43cd509cb5530bff1d677e79e5afa832fea,aa8854cd2e503503,plaintext,False,0.003,,,,,,,,,,,,,,
fedrep_seed0_50r,FedRep,0,35,0.42395875729209065,1.5730700643932751,0.42465620134924753,1.571347201205915,,,,,,3,"832,617,638",,,,,,4e911631e44a20c91d04e783fb8ef43cd509cb5530bff1d677e79e5afa832fea,aa8854cd2e503503,plaintext,False,0.003,,,,,,,,,,,,,,
fedrep_seed0_50r,FedRep,0,36,0.5083435083435084,1.4167387775202758,0.5108004670472237,1.414993279776671,,,,,,3,"329,898,928",,,,,,4e911631e44a20c91d04e783fb8ef43cd509cb5530bff1d677e79e5afa832fea,aa8854cd2e503503,plaintext,False,0.003,,,,,,,,,,,,,,
fedrep_seed0_50r,FedRep,0,37,0.5432098765432098,1.3760855503771154,0.5423910223144784,1.3745967518465019,,,,,,3,"982,697,11",,,,,,4e911631e44a20c91d04e783fb8ef43cd509cb5530bff1d677e79e5afa832fea,aa8854cd2e503503,plaintext,False,0.003,,,,,,,,,,,,,,
fedrep_seed0_50r,FedRep,0,38,0.5615248948582282,1.32161285262545,0.5605701868188895,1.3202010846528425,,,,,,3,"635,215,10",,,,,,4e911631e44a20c91d04e783fb8ef43cd509cb5530bff1d677e79e5afa832fea,aa8854cd2e503503,plaintext,False,0.003,,,,,,,,,,,,,,
fedrep_seed0_50r,FedRep,0,39,0.5259801926468594,1.3867920059239958,0.52854177477945,1.3827954725305822,,,,,,3,"173,201,929",,,,,,4e911631e44a20c91d04e783fb8ef43cd509cb5530bff1d677e79e5afa832fea,aa8854cd2e503503,plaintext,False,0.003,,,,,,,,,,,,,,
fedrep_seed0_50r,FedRep,0,40,0.5164835164835165,1.362153734088109,0.5184548521017125,1.3591553178336604,,,,,,3,"204,71,594",,,,,,4e911631e44a20c91d04e783fb8ef43cd509cb5530bff1d677e79e5afa832fea,aa8854cd2e503503,plaintext,False,0.003,,,,,,,,,,,,,,
fedrep_seed0_50r,FedRep,0,41,0.494641161307828,1.4399332747742293,0.4941294758692268,1.4358647007454632,,,,,,3,"219,522,833",,,,,,4e911631e44a20c91d04e783fb8ef43cd509cb5530bff1d677e79e5afa832fea,aa8854cd2e503503,plaintext,False,0.003,,,,,,,,,,,,,,
fedrep_seed0_50r,FedRep,0,42,0.5204178537511871,1.3528704975874701,0.5199143746756617,1.350643083038131,,,,,,3,"521,737,740",,,,,,4e911631e44a20c91d04e783fb8ef43cd509cb5530bff1d677e79e5afa832fea,aa8854cd2e503503,plaintext,False,0.003,,,,,,,,,,,,,,
fedrep_seed0_50r,FedRep,0,43,0.5061728395061729,1.402648180501364,0.50561105345096,1.4005156167430868,,,,,,3,"858,986,183",,,,,,4e911631e44a20c91d04e783fb8ef43cd509cb5530bff1d677e79e5afa832fea,aa8854cd2e503503,plaintext,False,0.003,,,,,,,,,,,,,,
fedrep_seed0_50r,FedRep,0,44,0.47157780491113827,1.5013231785381265,0.46477685521536066,1.501853857742485,,,,,,3,"118,19,41",,,,,,4e911631e44a20c91d04e783fb8ef43cd509cb5530bff1d677e79e5afa832fea,aa8854cd2e503503,plaintext,False,0.003,,,,,,,,,,,,,,
fedrep_seed0_50r,FedRep,0,45,0.4763261429928097,1.4991447054678337,0.47194473274519977,1.5004418639207349,,,,,,3,"726,243,342",,,,,,4e911631e44a20c91d04e783fb8ef43cd509cb5530bff1d677e79e5afa832fea,aa8854cd2e503503,plaintext,False,0.003,,,,,,,,,,,,,,
fedrep_seed0_50r,FedRep,0,46,0.501017501017501,1.4311764035475618,0.4950862740010379,1.436136899399501,,,,,,3,"576,629,557",,,,,,4e911631e44a20c91d04e783fb8ef43cd509cb5530bff1d677e79e5afa832fea,aa8854cd2e503503,plaintext,False,0.003,,,,,,,,,,,,,,
fedrep_seed0_50r,FedRep,0,47,0.4997964997964998,1.4374681518829846,0.4938051375194603,1.4438438586935118,,,,,,3,"530,926,586",,,,,,4e911631e44a20c91d04e783fb8ef43cd509cb5530bff1d677e79e5afa832fea,aa8854cd2e503503,plaintext,False,0.003,,,,,,,,,,,,,,
fedrep_seed0_50r,FedRep,0,48,0.5045448378781712,1.3443655589967927,0.49922158796056043,1.3533378022575497,,,,,,3,"847,474,853",,,,,,4e911631e44a20c91d04e783fb8ef43cd509cb5530bff1d677e79e5afa832fea,aa8854cd2e503503,plaintext,False,0.003,,,,,,,,,,,,,,
fedrep_seed0_50r,FedRep,0,49,0.5109211775878443,1.3329372764356893,0.5033731188375714,1.3414469871307797,,,,,,3,"318,794,718",,,,,,4e911631e44a20c91d04e783fb8ef43cd509cb5530bff1d677e79e5afa832fea,aa8854cd2e503503,plaintext,False,0.003,,,,,,,,,,,,,,
fedrep_seed1_50r,FedRep,1,0,0.1339031339031339,2.5762891100140637,0.13524909185262066,2.5733707725806485,,,,,,3,"993,859,298",,,,,,47b32ed30e84e2e8c485b7a8a62d494a3388426e77d0703f91571e03a5ba84fc,aa8854cd2e503503,plaintext,False,0.003,,,,,,,,,,,,,,
fedrep_seed1_50r,FedRep,1,1,0.13105413105413105,2.674556990274499,0.1339841722885314,2.6718484037519508,,,,,,3,"507,818,452",,,,,,47b32ed30e84e2e8c485b7a8a62d494a3388426e77d0703f91571e03a5ba84fc,aa8854cd2e503503,plaintext,False,0.003,,,,,,,,,,,,,,
fedrep_seed1_50r,FedRep,1,2,0.10120743454076787,2.5189748877037044,0.10263687078360145,2.5185855484299964,,,,,,3,"37,726,846",,,,,,47b32ed30e84e2e8c485b7a8a62d494a3388426e77d0703f91571e03a5ba84fc,aa8854cd2e503503,plaintext,False,0.003,,,,,,,,,,,,,,
fedrep_seed1_50r,FedRep,1,3,0.1264414597747931,2.5153355734320963,0.1272379346133887,2.5163250771282444,,,,,,3,"642,762,909",,,,,,47b32ed30e84e2e8c485b7a8a62d494a3388426e77d0703f91571e03a5ba84fc,aa8854cd2e503503,plaintext,False,0.003,,,,,,,,,,,,,,
fedrep_seed1_50r,FedRep,1,4,0.13458146791480124,2.5492243235105736,0.13531395952257394,2.5510391764899065,,,,,,3,"698,577,763",,,,,,47b32ed30e84e2e8c485b7a8a62d494a3388426e77d0703f91571e03a5ba84fc,aa8854cd2e503503,plaintext,False,0.003,,,,,,,,,,,,,,
fedrep_seed1_50r,FedRep,1,5,0.135666802333469,2.4659637975674658,0.13578425012973533,2.464376309362641,,,,,,3,"544,515,193",,,,,,47b32ed30e84e2e8c485b7a8a62d494a3388426e77d0703f91571e03a5ba84fc,aa8854cd2e503503,plaintext,False,0.003,,,,,,,,,,,,,,
fedrep_seed1_50r,FedRep,1,6,0.18409985076651744,2.3563146994580224,0.18506746237675142,2.356472767990332,,,,,,3,"978,22,909",,,,,,47b32ed30e84e2e8c485b7a8a62d494a3388426e77d0703f91571e03a5ba84fc,aa8854cd2e503503,plaintext,False,0.003,,,,,,,,,,,,,,
fedrep_seed1_50r,FedRep,1,7,0.16252882919549586,2.4075393966030068,0.163612480539699,2.404046959103956,,,,,,3,"778,334,271",,,,,,47b32ed30e84e2e8c485b7a8a62d494a3388426e77d0703f91571e03a5ba84fc,aa8854cd2e503503,plaintext,False,0.003,,,,,,,,,,,,,,
fedrep_seed1_50r,FedRep,1,8,0.14719848053181386,2.6765931549968114,0.14710365853658536,2.6709706185644637,,,,,,3,"908,265,627",,,,,,47b32ed30e84e2e8c485b7a8a62d494a3388426e77d0703f91571e03a5ba84fc,aa8854cd2e503503,plaintext,False,0.003,,,,,,,,,,,,,,
fedrep_seed1_50r,FedRep,1,9,0.17609550942884275,2.507376106172378,0.17631032693305657,2.503783198055492,,,,,,3,"2,879,57",,,,,,47b32ed30e84e2e8c485b7a8a62d494a3388426e77d0703f91571e03a5ba84fc,aa8854cd2e503503,plaintext,False,0.003,,,,,,,,,,,,,,
fedrep_seed1_50r,FedRep,1,10,0.21014787681454347,2.339468442289747,0.211387519460301,2.335773486628164,,,,,,3,"841,956,544",,,,,,47b32ed30e84e2e8c485b7a8a62d494a3388426e77d0703f91571e03a5ba84fc,aa8854cd2e503503,plaintext,False,0.003,,,,,,,,,,,,,,
fedrep_seed1_50r,FedRep,1,11,0.22642789309455977,2.1644621387994865,0.22728009859885834,2.1647295502920643,,,,,,3,"25,464,372",,,,,,47b32ed30e84e2e8c485b7a8a62d494a3388426e77d0703f91571e03a5ba84fc,aa8854cd2e503503,plaintext,False,0.003,,,,,,,,,,,,,,
fedrep_seed1_50r,FedRep,1,12,0.24013024013024012,2.0833107030030282,0.2389724961079398,2.083892839465048,,,,,,3,"518,871,797",,,,,,47b32ed30e84e2e8c485b7a8a62d494a3388426e77d0703f91571e03a5ba84fc,aa8854cd2e503503,plaintext,False,0.003,,,,,,,,,,,,,,
fedrep_seed1_50r,FedRep,1,13,0.2402659069325736,2.0933752460459405,0.2406752724442138,2.093169004637422,,,,,,3,"945,452,304",,,,,,47b32ed30e84e2e8c485b7a8a62d494a3388426e77d0703f91571e03a5ba84fc,aa8854cd2e503503,plaintext,False,0.003,,,,,,,,,,,,,,
fedrep_seed1_50r,FedRep,1,14,0.2754036087369421,2.144061179239186,0.2762876232485729,2.1431173053422534,,,,,,3,"172,278,486",,,,,,47b32ed30e84e2e8c485b7a8a62d494a3388426e77d0703f91571e03a5ba84fc,aa8854cd2e503503,plaintext,False,0.003,,,,,,,,,,,,,,
fedrep_seed1_50r,FedRep,1,15,0.2703839370506037,2.204884861303179,0.2721198754540737,2.2046382047279596,,,,,,3,"825,374,488",,,,,,47b32ed30e84e2e8c485b7a8a62d494a3388426e77d0703f91571e03a5ba84fc,aa8854cd2e503503,plaintext,False,0.003,,,,,,,,,,,,,,
fedrep_seed1_50r,FedRep,1,16,0.31216931216931215,2.035589048496524,0.314202776336274,2.0348610494397477,,,,,,3,"221,988,882",,,,,,47b32ed30e84e2e8c485b7a8a62d494a3388426e77d0703f91571e03a5ba84fc,aa8854cd2e503503,plaintext,False,0.003,,,,,,,,,,,,,,
fedrep_seed1_50r,FedRep,1,17,0.3511056844390178,1.886511934169713,0.3494421380384017,1.885262088699126,,,,,,3,"786,499,930",,,,,,47b32ed30e84e2e8c485b7a8a62d494a3388426e77d0703f91571e03a5ba84fc,aa8854cd2e503503,plaintext,False,0.003,,,,,,,,,,,,,,
fedrep_seed1_50r,FedRep,1,18,0.3907203907203907,1.7804437111654645,0.38871951219512196,1.7777221451314824,,,,,,3,"246,751,75",,,,,,47b32ed30e84e2e8c485b7a8a62d494a3388426e77d0703f91571e03a5ba84fc,aa8854cd2e503503,plaintext,False,0.003,,,,,,,,,,,,,,
fedrep_seed1_50r,FedRep,1,19,0.40320173653506985,1.7793166821150044,0.4024876751427089,1.774725682640204,,,,,,3,"800,773,23",,,,,,47b32ed30e84e2e8c485b7a8a62d494a3388426e77d0703f91571e03a5ba84fc,aa8854cd2e503503,plaintext,False,0.003,,,,,,,,,,,,,,
fedrep_seed1_50r,FedRep,1,20,0.38366571699905033,1.9019180620236016,0.38056240269849506,1.9004977142902488,,,,,,3,"890,694,798",,,,,,47b32ed30e84e2e8c485b7a8a62d494a3388426e77d0703f91571e03a5ba84fc,aa8854cd2e503503,plaintext,False,0.003,,,,,,,,,,,,,,
fedrep_seed1_50r,FedRep,1,21,0.35300501967168635,1.8170748921891435,0.3530260768033212,1.8182067700591806,,,,,,3,"492,383,856",,,,,,47b32ed30e84e2e8c485b7a8a62d494a3388426e77d0703f91571e03a5ba84fc,aa8854cd2e503503,plaintext,False,0.003,,,,,,,,,,,,,,
fedrep_seed1_50r,FedRep,1,22,0.3681997015330349,1.7815430868194206,0.36603204462895694,1.7815832666614877,,,,,,3,"866,191,732",,,,,,47b32ed30e84e2e8c485b7a8a62d494a3388426e77d0703f91571e03a5ba84fc,aa8854cd2e503503,plaintext,False,0.003,,,,,,,,,,,,,,
fedrep_seed1_50r,FedRep,1,23,0.37783204449871116,1.8499723882443144,0.37994615983393876,1.8466192141616233,,,,,,3,"519,837,208",,,,,,47b32ed30e84e2e8c485b7a8a62d494a3388426e77d0703f91571e03a5ba84fc,aa8854cd2e503503,plaintext,False,0.003,,,,,,,,,,,,,,
fedrep_seed1_50r,FedRep,1,24,0.38705738705738707,1.856482527756704,0.38748702646600935,1.8502107149602849,,,,,,3,"131,354,982",,,,,,47b32ed30e84e2e8c485b7a8a62d494a3388426e77d0703f91571e03a5ba84fc,aa8854cd2e503503,plaintext,False,0.003,,,,,,,,,,,,,,
fedrep_seed1_50r,FedRep,1,25,0.3924840591507258,1.8796911508443996,0.3957576543850545,1.8718354509989539,,,,,,3,"688,49,288",,,,,,47b32ed30e84e2e8c485b7a8a62d494a3388426e77d0703f91571e03a5ba84fc,aa8854cd2e503503,plaintext,False,0.003,,,,,,,,,,,,,,
fedrep_seed1_50r,FedRep,1,26,0.3859720526387193,1.8956564146691595,0.38837895692786717,1.8854570781793374,,,,,,3,"769,824,107",,,,,,47b32ed30e84e2e8c485b7a8a62d494a3388426e77d0703f91571e03a5ba84fc,aa8854cd2e503503,plaintext,False,0.003,,,,,,,,,,,,,,
fedrep_seed1_50r,FedRep,1,27,0.3812237145570479,2.017634685764096,0.38614102231447844,2.003808658443151,,,,,,3,"754,768,23",,,,,,47b32ed30e84e2e8c485b7a8a62d494a3388426e77d0703f91571e03a5ba84fc,aa8854cd2e503503,plaintext,False,0.003,,,,,,,,,,,,,,
fedrep_seed1_50r,FedRep,1,28,0.38610771944105277,1.907974675188188,0.38982226258432795,1.897195882341679,,,,,,3,"63,312,392",,,,,,47b32ed30e84e2e8c485b7a8a62d494a3388426e77d0703f91571e03a5ba84fc,aa8854cd2e503503,plaintext,False,0.003,,,,,,,,,,,,,,
fedrep_seed1_50r,FedRep,1,29,0.3924840591507258,1.8483528545931824,0.3975901660612351,1.8391909471312577,,,,,,3,"795,973,794",,,,,,47b32ed30e84e2e8c485b7a8a62d494a3388426e77d0703f91571e03a5ba84fc,aa8854cd2e503503,plaintext,False,0.003,,,,,,,,,,,,,,
fedrep_seed1_50r,FedRep,1,30,0.39289105955772624,1.8824786963192774,0.39867669953295276,1.870746932960855,,,,,,3,"923,921,516",,,,,,47b32ed30e84e2e8c485b7a8a62d494a3388426e77d0703f91571e03a5ba84fc,aa8854cd2e503503,plaintext,False,0.003,,,,,,,,,,,,,,
fedrep_seed1_50r,FedRep,1,31,0.3973680640347307,1.946637784457506,0.4029093149974053,1.9309334656018862,,,,,,3,"975,558,222",,,,,,47b32ed30e84e2e8c485b7a8a62d494a3388426e77d0703f91571e03a5ba84fc,aa8854cd2e503503,plaintext,False,0.003,,,,,,,,,,,,,,
fedrep_seed1_50r,FedRep,1,32,0.3907203907203907,1.9489664776409972,0.3962603788271925,1.932328349177736,,,,,,3,"632,687,833",,,,,,47b32ed30e84e2e8c485b7a8a62d494a3388426e77d0703f91571e03a5ba84fc,aa8854cd2e503503,plaintext,False,0.003,,,,,,,,,,,,,,
fedrep_seed1_50r,FedRep,1,33,0.4105277438610772,1.8832459103036685,0.4159963674104826,1.8655066007335346,,,,,,3,"286,402,253",,,,,,47b32ed30e84e2e8c485b7a8a62d494a3388426e77d0703f91571e03a5ba84fc,aa8854cd2e503503,plaintext,False,0.003,,,,,,,,,,,,,,
fedrep_seed1_50r,FedRep,1,34,0.4459367792701126,1.7693524745002547,0.4506519200830306,1.7487614015469106,,,,,,3,"430,972,395",,,,,,47b32ed30e84e2e8c485b7a8a62d494a3388426e77d0703f91571e03a5ba84fc,aa8854cd2e503503,plaintext,False,0.003,,,,,,,,,,,,,,
fedrep_seed1_50r,FedRep,1,35,0.44783611450278116,1.733915824124734,0.4542196419304619,1.714708871641026,,,,,,3,"832,617,638",,,,,,47b32ed30e84e2e8c485b7a8a62d494a3388426e77d0703f91571e03a5ba84fc,aa8854cd2e503503,plaintext,False,0.003,,,,,,,,,,,,,,
fedrep_seed1_50r,FedRep,1,36,0.4477004477004477,1.7229901517971467,0.4507005708354956,1.7058242368253784,,,,,,3,"329,898,928",,,,,,47b32ed30e84e2e8c485b7a8a62d494a3388426e77d0703f91571e03a5ba84fc,aa8854cd2e503503,plaintext,False,0.003,,,,,,,,,,,,,,
fedrep_seed1_50r,FedRep,1,37,0.44932844932844934,1.7103734916350752,0.45558186299948106,1.6938310386964193,,,,,,3,"982,697,11",,,,,,47b32ed30e84e2e8c485b7a8a62d494a3388426e77d0703f91571e03a5ba84fc,aa8854cd2e503503,plaintext,False,0.003,,,,,,,,,,,,,,
fedrep_seed1_50r,FedRep,1,38,0.4592321258987926,1.7012887648351447,0.4653606642449403,1.6830966164445402,,,,,,3,"635,215,10",,,,,,47b32ed30e84e2e8c485b7a8a62d494a3388426e77d0703f91571e03a5ba84fc,aa8854cd2e503503,plaintext,False,0.003,,,,,,,,,,,,,,
fedrep_seed1_50r,FedRep,1,39,0.46140279473612805,1.6097900671139953,0.464744421380384,1.5947967224384727,,,,,,3,"173,201,929",,,,,,47b32ed30e84e2e8c485b7a8a62d494a3388426e77d0703f91571e03a5ba84fc,aa8854cd2e503503,plaintext,False,0.003,,,,,,,,,,,,,,
fedrep_seed1_50r,FedRep,1,40,0.47442680776014107,1.504085193560724,0.47716658017644004,1.4906317098104247,,,,,,3,"204,71,594",,,,,,47b32ed30e84e2e8c485b7a8a62d494a3388426e77d0703f91571e03a5ba84fc,aa8854cd2e503503,plaintext,False,0.003,,,,,,,,,,,,,,
fedrep_seed1_50r,FedRep,1,41,0.45801112467779137,1.5176421165088572,0.4592306694343539,1.5099260681814919,,,,,,3,"219,522,833",,,,,,47b32ed30e84e2e8c485b7a8a62d494a3388426e77d0703f91571e03a5ba84fc,aa8854cd2e503503,plaintext,False,0.003,,,,,,,,,,,,,,
fedrep_seed1_50r,FedRep,1,42,0.4521774521774522,1.5308983876124334,0.45681434872859367,1.5191796833640583,,,,,,3,"521,737,740",,,,,,47b32ed30e84e2e8c485b7a8a62d494a3388426e77d0703f91571e03a5ba84fc,aa8854cd2e503503,plaintext,False,0.003,,,,,,,,,,,,,,
fedrep_seed1_50r,FedRep,1,43,0.4504137837471171,1.6177407786361389,0.4514951997924235,1.6059343078892356,,,,,,3,"858,986,183",,,,,,47b32ed30e84e2e8c485b7a8a62d494a3388426e77d0703f91571e03a5ba84fc,aa8854cd2e503503,plaintext,False,0.003,,,,,,,,,,,,,,
fedrep_seed1_50r,FedRep,1,44,0.46058879392212726,1.6453669341742154,0.4638362740010379,1.6335494655312717,,,,,,3,"118,19,41",,,,,,47b32ed30e84e2e8c485b7a8a62d494a3388426e77d0703f91571e03a5ba84fc,aa8854cd2e503503,plaintext,False,0.003,,,,,,,,,,,,,,
fedrep_seed1_50r,FedRep,1,45,0.46086012752679417,1.3986497349683509,0.4622632330046705,1.3979139514462144,,,,,,3,"726,243,342",,,,,,47b32ed30e84e2e8c485b7a8a62d494a3388426e77d0703f91571e03a5ba84fc,aa8854cd2e503503,plaintext,False,0.003,,,,,,,,,,,,,,
fedrep_seed1_50r,FedRep,1,46,0.4783611450278117,1.4327972948315197,0.47805851063829785,1.4314172474534177,,,,,,3,"576,629,557",,,,,,47b32ed30e84e2e8c485b7a8a62d494a3388426e77d0703f91571e03a5ba84fc,aa8854cd2e503503,plaintext,False,0.003,,,,,,,,,,,,,,
fedrep_seed1_50r,FedRep,1,47,0.4908424908424908,1.4309814200480577,0.49017254800207577,1.4300104689642426,,,,,,3,"530,926,586",,,,,,47b32ed30e84e2e8c485b7a8a62d494a3388426e77d0703f91571e03a5ba84fc,aa8854cd2e503503,plaintext,False,0.003,,,,,,,,,,,,,,
fedrep_seed1_50r,FedRep,1,48,0.49097815764482433,1.4209518264942906,0.491437467566165,1.4195655240914447,,,,,,3,"847,474,853",,,,,,47b32ed30e84e2e8c485b7a8a62d494a3388426e77d0703f91571e03a5ba84fc,aa8854cd2e503503,plaintext,False,0.003,,,,,,,,,,,,,,
fedrep_seed1_50r,FedRep,1,49,0.4893501560168227,1.429052838271768,0.4895725220550078,1.4279787701184186,,,,,,3,"318,794,718",,,,,,47b32ed30e84e2e8c485b7a8a62d494a3388426e77d0703f91571e03a5ba84fc,aa8854cd2e503503,plaintext,False,0.003,,,,,,,,,,,,,,
fedrep_seed2_50r,FedRep,2,0,0.16130782797449464,2.4472437307689394,0.16226647638816813,2.4477014694832646,,,,,,3,"993,859,298",,,,,,bfc0d760760da4e645232d650d3b80c981a29b2bdafb94bc7d0933b9d6f6788b,aa8854cd2e503503,plaintext,False,0.003,,,,,,,,,,,,,,
fedrep_seed2_50r,FedRep,2,1,0.12237145570478904,2.74889413288904,0.12381616502335237,2.751175905798224,,,,,,3,"507,818,452",,,,,,bfc0d760760da4e645232d650d3b80c981a29b2bdafb94bc7d0933b9d6f6788b,aa8854cd2e503503,plaintext,False,0.003,,,,,,,,,,,,,,
fedrep_seed2_50r,FedRep,2,2,0.17840184506851173,2.3569522398796776,0.18073754540736897,2.3572119906202507,,,,,,3,"37,726,846",,,,,,bfc0d760760da4e645232d650d3b80c981a29b2bdafb94bc7d0933b9d6f6788b,aa8854cd2e503503,plaintext,False,0.003,,,,,,,,,,,,,,
fedrep_seed2_50r,FedRep,2,3,0.1737891737891738,2.4846136426524574,0.17512649195640892,2.487495389910532,,,,,,3,"642,762,909",,,,,,bfc0d760760da4e645232d650d3b80c981a29b2bdafb94bc7d0933b9d6f6788b,aa8854cd2e503503,plaintext,False,0.003,,,,,,,,,,,,,,
fedrep_seed2_50r,FedRep,2,4,0.16225749559082892,2.5930135945236485,0.16354761286974573,2.597401785367906,,,,,,3,"698,577,763",,,,,,bfc0d760760da4e645232d650d3b80c981a29b2bdafb94bc7d0933b9d6f6788b,aa8854cd2e503503,plaintext,False,0.003,,,,,,,,,,,,,,
fedrep_seed2_50r,FedRep,2,5,0.15113281779948445,2.53413171713191,0.15287688116242865,2.5360649065913816,,,,,,3,"544,515,193",,,,,,bfc0d760760da4e645232d650d3b80c981a29b2bdafb94bc7d0933b9d6f6788b,aa8854cd2e503503,plaintext,False,0.003,,,,,,,,,,,,,,
fedrep_seed2_50r,FedRep,2,6,0.17799484466151133,2.5193782951457906,0.17999156720290607,2.5205396827204662,,,,,,3,"978,22,909",,,,,,bfc0d760760da4e645232d650d3b80c981a29b2bdafb94bc7d0933b9d6f6788b,aa8854cd2e503503,plaintext,False,0.003,,,,,,,,,,,,,,
fedrep_seed2_50r,FedRep,2,7,0.18491385158051823,2.4081967092283287,0.18542423456149454,2.409913346639064,,,,,,3,"778,334,271",,,,,,bfc0d760760da4e645232d650d3b80c981a29b2bdafb94bc7d0933b9d6f6788b,aa8854cd2e503503,plaintext,False,0.003,,,,,,,,,,,,,,
fedrep_seed2_50r,FedRep,2,8,0.1754171754171754,2.467025596522105,0.17579138557343021,2.4686728753422575,,,,,,3,"908,265,627",,,,,,bfc0d760760da4e645232d650d3b80c981a29b2bdafb94bc7d0933b9d6f6788b,aa8854cd2e503503,plaintext,False,0.003,,,,,,,,,,,,,,
fedrep_seed2_50r,FedRep,2,9,0.18789852123185458,2.557933157966939,0.18897573949143748,2.5591899821110413,,,,,,3,"2,879,57",,,,,,bfc0d760760da4e645232d650d3b80c981a29b2bdafb94bc7d0933b9d6f6788b,aa8854cd2e503503,plaintext,False,0.003,,,,,,,,,,,,,,
fedrep_seed2_50r,FedRep,2,10,0.19549586216252882,2.4697297090343766,0.19680851063829788,2.4708421145672155,,,,,,3,"841,956,544",,,,,,bfc0d760760da4e645232d650d3b80c981a29b2bdafb94bc7d0933b9d6f6788b,aa8854cd2e503503,plaintext,False,0.003,,,,,,,,,,,,,,
fedrep_seed2_50r,FedRep,2,11,0.1987518654185321,2.365551386166344,0.2011870783601453,2.369363976231879,,,,,,3,"25,464,372",,,,,,bfc0d760760da4e645232d650d3b80c981a29b2bdafb94bc7d0933b9d6f6788b,aa8854cd2e503503,plaintext,False,0.003,,,,,,,,,,,,,,
fedrep_seed2_50r,FedRep,2,12,0.2621082621082621,2.1437237768312314,0.26474117799688635,2.147064561969065,,,,,,3,"518,871,797",,,,,,bfc0d760760da4e645232d650d3b80c981a29b2bdafb94bc7d0933b9d6f6788b,aa8854cd2e503503,plaintext,False,0.003,,,,,,,,,,,,,,
fedrep_seed2_50r,FedRep,2,13,0.27350427350427353,2.145187329678498,0.27544434353918007,2.146722537400865,,,,,,3,"945,452,304",,,,,,bfc0d760760da4e645232d650d3b80c981a29b2bdafb94bc7d0933b9d6f6788b,aa8854cd2e503503,plaintext,False,0.003,,,,,,,,,,,,,,
fedrep_seed2_50r,FedRep,2,14,0.3224799891466558,2.130680321109689,0.3229112610275039,2.132366166777968,,,,,,3,"172,278,486",,,,,,bfc0d760760da4e645232d650d3b80c981a29b2bdafb94bc7d0933b9d6f6788b,aa8854cd2e503503,plaintext,False,0.003,,,,,,,,,,,,,,
fedrep_seed2_50r,FedRep,2,15,0.2771672771672772,2.2510021085911864,0.28053645563051377,2.254024266392427,,,,,,3,"825,374,488",,,,,,bfc0d760760da4e645232d650d3b80c981a29b2bdafb94bc7d0933b9d6f6788b,aa8854cd2e503503,plaintext,False,0.003,,,,,,,,,,,,,,
fedrep_seed2_50r,FedRep,2,16,0.3194953194953195,2.017991886865339,0.3209003632589517,2.0208341241221124,,,,,,3,"221,988,882",,,,,,bfc0d760760da4e645232d650d3b80c981a29b2bdafb94bc7d0933b9d6f6788b,aa8854cd2e503503,plaintext,False,0.003,,,,,,,,,,,,,,
fedrep_seed2_50r,FedRep,2,17,0.29480396147062815,2.0853443904202593,0.29694797612869744,2.08945797285439,,,,,,3,"786,499,930",,,,,,bfc0d760760da4e645232d650d3b80c981a29b2bdafb94bc7d0933b9d6f6788b,aa8854cd2e503503,plaintext,False,0.003,,,,,,,,,,,,,,
fedrep_seed2_50r,FedRep,2,18,0.34500067833401166,1.9917969935521014,0.3497826933056565,1.9940270040397086,,,,,,3,"246,751,75",,,,,,bfc0d760760da4e645232d650d3b80c981a29b2bdafb94bc7d0933b9d6f6788b,aa8854cd2e503503,plaintext,False,0.003,,,,,,,,,,,,,,
fedrep_seed2_50r,FedRep,2,19,0.3440510107176774,1.9210416224498714,0.34501491956408925,1.9241781148688213,,,,,,3,"800,773,23",,,,,,bfc0d760760da4e645232d650d3b80c981a29b2bdafb94bc7d0933b9d6f6788b,aa8854cd2e503503,plaintext,False,0.003,,,,,,,,,,,,,,
fedrep_seed2_50r,FedRep,2,20,0.3649436982770316,1.850515459074082,0.36612934613388687,1.8527322331938878,,,,,,3,"890,694,798",,,,,,bfc0d760760da4e645232d650d3b80c981a29b2bdafb94bc7d0933b9d6f6788b,aa8854cd2e503503,plaintext,False,0.003,,,,,,,,,,,,,,
fedrep_seed2_50r,FedRep,2,21,0.4500067833401167,1.7043419528239334,0.44938700051894137,1.7021658633888044,,,,,,3,"492,383,856",,,,,,bfc0d760760da4e645232d650d3b80c981a29b2bdafb94bc7d0933b9d6f6788b,aa8854cd2e503503,plaintext,False,0.003,,,,,,,,,,,,,,
fedrep_seed2_50r,FedRep,2,22,0.4490571157237824,1.6836467250089184,0.4503600155682408,1.6805236243837198,,,,,,3,"866,191,732",,,,,,bfc0d760760da4e645232d650d3b80c981a29b2bdafb94bc7d0933b9d6f6788b,aa8854cd2e503503,plaintext,False,0.003,,,,,,,,,,,,,,
fedrep_seed2_50r,FedRep,2,23,0.455026455026455,1.7242061260883224,0.45233847950181627,1.7221153603914094,,,,,,3,"519,837,208",,,,,,bfc0d760760da4e645232d650d3b80c981a29b2bdafb94bc7d0933b9d6f6788b,aa8854cd2e503503,plaintext,False,0.003,,,,,,,,,,,,,,
fedrep_seed2_50r,FedRep,2,24,0.47917514584181253,1.6320934954965072,0.4767935910742086,1.6313371417578324,,,,,,3,"131,354,982",,,,,,bfc0d760760da4e645232d650d3b80c981a29b2bdafb94bc7d0933b9d6f6788b,aa8854cd2e503503,plaintext,False,0.003,,,,,,,,,,,,,,
fedrep_seed2_50r,FedRep,2,25,0.3995387328720662,1.932489992521353,0.4059743124026985,1.9314218020130827,,,,,,3,"688,49,288",,,,,,bfc0d760760da4e645232d650d3b80c981a29b2bdafb94bc7d0933b9d6f6788b,aa8854cd2e503503,plaintext,False,0.003,,,,,,,,,,,,,,
fedrep_seed2_50r,FedRep,2,26,0.4358974358974359,1.6787645156226654,0.44312727036844834,1.6748418726238337,,,,,,3,"769,824,107",,,,,,bfc0d760760da4e645232d650d3b80c981a29b2bdafb94bc7d0933b9d6f6788b,aa8854cd2e503503,plaintext,False,0.003,,,,,,,,,,,,,,
fedrep_seed2_50r,FedRep,2,27,0.4380681047347714,1.7407170990529355,0.4423812921639855,1.7388667065572228,,,,,,3,"754,768,23",,,,,,bfc0d760760da4e645232d650d3b80c981a29b2bdafb94bc7d0933b9d6f6788b,aa8854cd2e503503,plaintext,False,0.003,,,,,,,,,,,,,,
fedrep_seed2_50r,FedRep,2,28,0.4481074481074481,1.7320797078307906,0.4505384016606124,1.7283499053236953,,,,,,3,"63,312,392",,,,,,bfc0d760760da4e645232d650d3b80c981a29b2bdafb94bc7d0933b9d6f6788b,aa8854cd2e503503,plaintext,False,0.003,,,,,,,,,,,,,,
fedrep_seed2_50r,FedRep,2,29,0.4713064713064713,1.5745553597344182,0.4724961079398028,1.5751990540666996,,,,,,3,"795,973,794",,,,,,bfc0d760760da4e645232d650d3b80c981a29b2bdafb94bc7d0933b9d6f6788b,aa8854cd2e503503,plaintext,False,0.003,,,,,,,,,,,,,,
fedrep_seed2_50r,FedRep,2,30,0.4795821462488129,1.5441566023706383,0.48357226258432795,1.5451497673537316,,,,,,3,"923,921,516",,,,,,bfc0d760760da4e645232d650d3b80c981a29b2bdafb94bc7d0933b9d6f6788b,aa8854cd2e503503,plaintext,False,0.003,,,,,,,,,,,,,,
fedrep_seed2_50r,FedRep,2,31,0.48894315560982227,1.5340634527142913,0.49111312921639855,1.5352075833591037,,,,,,3,"975,558,222",,,,,,bfc0d760760da4e645232d650d3b80c981a29b2bdafb94bc7d0933b9d6f6788b,aa8854cd2e503503,plaintext,False,0.003,,,,,,,,,,,,,,
fedrep_seed2_50r,FedRep,2,32,0.4978971645638312,1.4894184296648572,0.4988648157758173,1.4906030949502105,,,,,,3,"632,687,833",,,,,,bfc0d760760da4e645232d650d3b80c981a29b2bdafb94bc7d0933b9d6f6788b,aa8854cd2e503503,plaintext,False,0.003,,,,,,,,,,,,,,
fedrep_seed2_50r,FedRep,2,33,0.501017501017501,1.468253831771423,0.50270822522055,1.467008105099215,,,,,,3,"286,402,253",,,,,,bfc0d760760da4e645232d650d3b80c981a29b2bdafb94bc7d0933b9d6f6788b,aa8854cd2e503503,plaintext,False,0.003,,,,,,,,,,,,,,
fedrep_seed2_50r,FedRep,2,34,0.5291005291005291,1.3263520083679723,0.5286390762843799,1.3259480095336382,,,,,,3,"430,972,395",,,,,,bfc0d760760da4e645232d650d3b80c981a29b2bdafb94bc7d0933b9d6f6788b,aa8854cd2e503503,plaintext,False,0.003,,,,,,,,,,,,,,
fedrep_seed2_50r,FedRep,2,35,0.5210961877628544,1.34024898519608,0.5236929164504411,1.3370042951460919,,,,,,3,"832,617,638",,,,,,bfc0d760760da4e645232d650d3b80c981a29b2bdafb94bc7d0933b9d6f6788b,aa8854cd2e503503,plaintext,False,0.003,,,,,,,,,,,,,,
fedrep_seed2_50r,FedRep,2,36,0.5103785103785103,1.4414581060756346,0.5126329787234043,1.437626699039364,,,,,,3,"329,898,928",,,,,,bfc0d760760da4e645232d650d3b80c981a29b2bdafb94bc7d0933b9d6f6788b,aa8854cd2e503503,plaintext,False,0.003,,,,,,,,,,,,,,
fedrep_seed2_50r,FedRep,2,37,0.5315425315425315,1.4004124440267687,0.5334717176959004,1.3983729241853167,,,,,,3,"982,697,11",,,,,,bfc0d760760da4e645232d650d3b80c981a29b2bdafb94bc7d0933b9d6f6788b,aa8854cd2e503503,plaintext,False,0.003,,,,,,,,,,,,,,
fedrep_seed2_50r,FedRep,2,38,0.5400895400895401,1.3613086550192575,0.5429748313440581,1.3598550368511304,,,,,,3,"635,215,10",,,,,,bfc0d760760da4e645232d650d3b80c981a29b2bdafb94bc7d0933b9d6f6788b,aa8854cd2e503503,plaintext,False,0.003,,,,,,,,,,,,,,
fedrep_seed2_50r,FedRep,2,39,0.5871659204992539,1.2042617316026278,0.5910255578619616,1.1999153617030645,,,,,,3,"173,201,929",,,,,,bfc0d760760da4e645232d650d3b80c981a29b2bdafb94bc7d0933b9d6f6788b,aa8854cd2e503503,plaintext,False,0.003,,,,,,,,,,,,,,
fedrep_seed2_50r,FedRep,2,40,0.6347849681183014,1.1256984389080074,0.6400330825116762,1.1208724968629031,,,,,,3,"204,71,594",,,,,,bfc0d760760da4e645232d650d3b80c981a29b2bdafb94bc7d0933b9d6f6788b,aa8854cd2e503503,plaintext,False,0.003,,,,,,,,,,,,,,
fedrep_seed2_50r,FedRep,2,41,0.628272961606295,1.1354046070753996,0.6327516865594188,1.1304597725380363,,,,,,3,"219,522,833",,,,,,bfc0d760760da4e645232d650d3b80c981a29b2bdafb94bc7d0933b9d6f6788b,aa8854cd2e503503,plaintext,False,0.003,,,,,,,,,,,,,,
fedrep_seed2_50r,FedRep,2,42,0.6388549721883056,1.1033274663300563,0.6447035547483134,1.099108964273639,,,,,,3,"521,737,740",,,,,,bfc0d760760da4e645232d650d3b80c981a29b2bdafb94bc7d0933b9d6f6788b,aa8854cd2e503503,plaintext,False,0.003,,,,,,,,,,,,,,
fedrep_seed2_50r,FedRep,2,43,0.6275946275946276,1.1049622507126238,0.6336760508562532,1.101449946358699,,,,,,3,"858,986,183",,,,,,bfc0d760760da4e645232d650d3b80c981a29b2bdafb94bc7d0933b9d6f6788b,aa8854cd2e503503,plaintext,False,0.003,,,,,,,,,,,,,,
fedrep_seed2_50r,FedRep,2,44,0.6027676027676028,1.1468500770421626,0.606723533990659,1.1446011878059832,,,,,,3,"118,19,41",,,,,,bfc0d760760da4e645232d650d3b80c981a29b2bdafb94bc7d0933b9d6f6788b,aa8854cd2e503503,plaintext,False,0.003,,,,,,,,,,,,,,
fedrep_seed2_50r,FedRep,2,45,0.6000542667209334,1.1772382099927385,0.5989718474312403,1.180587439154384,,,,,,3,"726,243,342",,,,,,bfc0d760760da4e645232d650d3b80c981a29b2bdafb94bc7d0933b9d6f6788b,aa8854cd2e503503,plaintext,False,0.003,,,,,,,,,,,,,,
fedrep_seed2_50r,FedRep,2,46,0.5807895807895808,1.2161391534681059,0.5820576024909185,1.21637491774661,,,,,,3,"576,629,557",,,,,,bfc0d760760da4e645232d650d3b80c981a29b2bdafb94bc7d0933b9d6f6788b,aa8854cd2e503503,plaintext,False,0.003,,,,,,,,,,,,,,
fedrep_seed2_50r,FedRep,2,47,0.5791615791615792,1.2199782634547531,0.581733264141152,1.2210055747041868,,,,,,3,"530,926,586",,,,,,bfc0d760760da4e645232d650d3b80c981a29b2bdafb94bc7d0933b9d6f6788b,aa8854cd2e503503,plaintext,False,0.003,,,,,,,,,,,,,,
fedrep_seed2_50r,FedRep,2,48,0.6018179351512685,1.107688685738797,0.601663855734302,1.1115017157747533,,,,,,3,"847,474,853",,,,,,bfc0d760760da4e645232d650d3b80c981a29b2bdafb94bc7d0933b9d6f6788b,aa8854cd2e503503,plaintext,False,0.003,,,,,,,,,,,,,,
fedrep_seed2_50r,FedRep,2,49,0.592999592999593,1.1259744922617656,0.5909444732745199,1.1289053587057687,,,,,,3,"318,794,718",,,,,,bfc0d760760da4e645232d650d3b80c981a29b2bdafb94bc7d0933b9d6f6788b,aa8854cd2e503503,plaintext,False,0.003,,,,,,,,,,,,,,
fedrep_reference_seed0_50r,FedRep+FixedPointReference,0,0,0.15737349070682405,2.5521830394914624,0.1594447327451998,2.5503965095980803,,,3.026846547306763e-05,9.01496465337617e-06,,3,"993,859,298",,,,,3,b08bc3159ed8754f0c60dcb0c451c9fa770dfac86d29a42bab85d65d31cdf381,aa8854cd2e503503,chunked-reference,False,0.003,,1198592,23,65536,16384,8.0,0.0,0.039638400000001184,0.012252199999998936,0.07178210000000007,,,,
fedrep_reference_seed0_50r,FedRep+FixedPointReference,0,1,0.13024013024013023,2.8341298773632073,0.13338414634146342,2.8348730947497556,,,3.019315190613272e-05,6.899484607552326e-06,,3,"507,818,452",,,,,3,b08bc3159ed8754f0c60dcb0c451c9fa770dfac86d29a42bab85d65d31cdf381,aa8854cd2e503503,chunked-reference,False,0.003,,1198592,23,65536,16384,8.0,0.0,0.03596040000000045,0.00921890000000758,0.06353530000000518,,,,
fedrep_reference_seed0_50r,FedRep+FixedPointReference,0,2,0.09998643331976666,2.8641172474933243,0.10036650233523611,2.867046427207903,,,3.0065450118854642e-05,5.8864700679081085e-06,,3,"37,726,846",,,,,3,b08bc3159ed8754f0c60dcb0c451c9fa770dfac86d29a42bab85d65d31cdf381,aa8854cd2e503503,chunked-reference,False,0.003,,1198592,23,65536,16384,8.0,0.0,0.03732779999999991,0.009761699999998541,0.0644644999999997,,,,
fedrep_reference_seed0_50r,FedRep+FixedPointReference,0,3,0.10134310134310134,2.8931020888948584,0.10146925272444214,2.899747471996587,,,3.0184781757517913e-05,7.313799169302111e-06,,3,"642,762,909",,,,,3,b08bc3159ed8754f0c60dcb0c451c9fa770dfac86d29a42bab85d65d31cdf381,aa8854cd2e503503,chunked-reference,False,0.003,,1198592,23,65536,16384,8.0,0.0,0.038758099999995466,0.010724799999991319,0.06642710000001273,,,,
fedrep_reference_seed0_50r,FedRep+FixedPointReference,0,4,0.10256410256410256,2.9411653466002132,0.10218279709392838,2.9500268163793764,,,3.0247968863005988e-05,5.700335771168453e-06,,3,"698,577,763",,,,,3,b08bc3159ed8754f0c60dcb0c451c9fa770dfac86d29a42bab85d65d31cdf381,aa8854cd2e503503,chunked-reference,False,0.003,,1198592,23,65536,16384,8.0,0.0,0.037357599999992885,0.009058799999991152,0.06334979999999746,,,,
fedrep_reference_seed0_50r,FedRep+FixedPointReference,0,5,0.10771944105277438,2.8806804043159095,0.10764789828749351,2.8862613854929746,,,3.0446069768997816e-05,1.0529479761175103e-05,,3,"544,515,193",,,,,3,b08bc3159ed8754f0c60dcb0c451c9fa770dfac86d29a42bab85d65d31cdf381,aa8854cd2e503503,chunked-reference,False,0.003,,1198592,23,65536,16384,8.0,0.0,0.036580300000011334,0.010380799999992973,0.06444329999999354,,,,
fedrep_reference_seed0_50r,FedRep+FixedPointReference,0,6,0.12874779541446207,2.877785425223314,0.1290704462895693,2.8832111911884346,,,3.029881045222283e-05,5.343501690180774e-06,,3,"978,22,909",,,,,3,b08bc3159ed8754f0c60dcb0c451c9fa770dfac86d29a42bab85d65d31cdf381,aa8854cd2e503503,chunked-reference,False,0.003,,1198592,23,65536,16384,8.0,0.0,0.03470899999997812,0.00949099999999703,0.06161290000000008,,,,
fedrep_reference_seed0_50r,FedRep+FixedPointReference,0,7,0.12467779134445801,2.669890683583522,0.12485404774260508,2.6772439094626073,,,3.0013078277737928e-05,5.522878127466824e-06,,3,"778,334,271",,,,,3,b08bc3159ed8754f0c60dcb0c451c9fa770dfac86d29a42bab85d65d31cdf381,aa8854cd2e503503,chunked-reference,False,0.003,,1198592,23,65536,16384,8.0,0.0,0.03763720000000603,0.00938419999999951,0.06428579999999329,,,,
fedrep_reference_seed0_50r,FedRep+FixedPointReference,0,8,0.12752679419346086,2.6546911315007202,0.1289407109496627,2.6631334912615534,,,3.0284349260659053e-05,7.238592096861278e-06,,3,"908,265,627",,,,,3,b08bc3159ed8754f0c60dcb0c451c9fa770dfac86d29a42bab85d65d31cdf381,aa8854cd2e503503,chunked-reference,False,0.003,,1198592,23,65536,16384,8.0,0.0,0.0362186000000122,0.00908750000002101,0.06168429999999603,,,,
fedrep_reference_seed0_50r,FedRep+FixedPointReference,0,9,0.1741961741961742,2.453066614692717,0.17475350285417748,2.4610209181997864,,,3.0464791838799782e-05,1.0235745284205528e-05,,3,"2,879,57",,,,,3,b08bc3159ed8754f0c60dcb0c451c9fa770dfac86d29a42bab85d65d31cdf381,aa8854cd2e503503,chunked-reference,False,0.003,,1198592,23,65536,16384,8.0,0.0,0.03576449999999909,0.008889900000013995,0.061869500000000244,,,,
fedrep_reference_seed0_50r,FedRep+FixedPointReference,0,10,0.16659883326549993,2.4346045057474783,0.1674883238194084,2.443616902638049,,,3.0215533952864394e-05,6.2726051629677756e-06,,3,"841,956,544",,,,,3,b08bc3159ed8754f0c60dcb0c451c9fa770dfac86d29a42bab85d65d31cdf381,aa8854cd2e503503,chunked-reference,False,0.003,,1198592,23,65536,16384,8.0,0.0,0.0380358999999828,0.010260799999969095,0.06519620000000259,,,,
fedrep_reference_seed0_50r,FedRep+FixedPointReference,0,11,0.1942748609415276,2.2763488774425147,0.19364621172807472,2.2847113967516344,,,3.009273981054622e-05,6.03598243283553e-06,,3,"25,464,372",,,,,3,b08bc3159ed8754f0c60dcb0c451c9fa770dfac86d29a42bab85d65d31cdf381,aa8854cd2e503503,chunked-reference,False,0.003,,1198592,23,65536,16384,8.0,0.0,0.03679170000000909,0.008719399999989719,0.062165600000014365,,,,
fedrep_reference_seed0_50r,FedRep+FixedPointReference,0,12,0.22602089268755934,2.096638070578505,0.22463674104826153,2.104749321420028,,,3.037107435156064e-05,7.214317231140038e-06,,3,"518,871,797",,,,,3,b08bc3159ed8754f0c60dcb0c451c9fa770dfac86d29a42bab85d65d31cdf381,aa8854cd2e503503,chunked-reference,False,0.003,,1198592,23,65536,16384,8.0,0.0,0.037959399999976995,0.010845100000011598,0.06549499999999853,,,,
fedrep_reference_seed0_50r,FedRep+FixedPointReference,0,13,0.21828788495455162,2.131531268796853,0.2175337311883757,2.140755502051273,,,3.0197135426781398e-05,6.575933336147561e-06,,3,"945,452,304",,,,,3,b08bc3159ed8754f0c60dcb0c451c9fa770dfac86d29a42bab85d65d31cdf381,aa8854cd2e503503,chunked-reference,False,0.003,,1198592,23,65536,16384,8.0,0.0,0.03463399999995431,0.009213999999929001,0.06088570000000004,,,,
fedrep_reference_seed0_50r,FedRep+FixedPointReference,0,14,0.24135124135124136,2.1761580609419813,0.2416969382459782,2.1855095666884745,,,3.0204895933261863e-05,8.198933779215626e-06,,3,"172,278,486",,,,,3,b08bc3159ed8754f0c60dcb0c451c9fa770dfac86d29a42bab85d65d31cdf381,aa8854cd2e503503,chunked-reference,False,0.003,,1198592,23,65536,16384,8.0,0.0,0.03872549999999819,0.011755699999980607,0.06687330000002589,,,,
fedrep_reference_seed0_50r,FedRep+FixedPointReference,0,15,0.30362230362230364,2.005009466513056,0.2991696938245978,2.015349053031909,,,3.0173322833750547e-05,7.128075346263896e-06,,3,"825,374,488",,,,,3,b08bc3159ed8754f0c60dcb0c451c9fa770dfac86d29a42bab85d65d31cdf381,aa8854cd2e503503,chunked-reference,False,0.003,,1198592,23,65536,16384,8.0,0.0,0.03640119999997182,0.008955399999990732,0.061811300000016445,,,,
fedrep_reference_seed0_50r,FedRep+FixedPointReference,0,16,0.3422873422873423,1.9650036161878381,0.3399228074727556,1.9731276462646143,,,3.0382493034351702e-05,7.847880464666207e-06,,3,"221,988,882",,,,,3,b08bc3159ed8754f0c60dcb0c451c9fa770dfac86d29a42bab85d65d31cdf381,aa8854cd2e503503,chunked-reference,False,0.003,,1198592,23,65536,16384,8.0,0.0,0.036667099999988295,0.008598099999971964,0.06282959999998639,,,,
fedrep_reference_seed0_50r,FedRep+FixedPointReference,0,17,0.3680640347307014,1.8132824566648862,0.36664828749351325,1.8219810162349437,,,3.0407009439335932e-05,8.728910857360027e-06,,3,"786,499,930",,,,,3,b08bc3159ed8754f0c60dcb0c451c9fa770dfac86d29a42bab85d65d31cdf381,aa8854cd2e503503,chunked-reference,False,0.003,,1198592,23,65536,16384,8.0,0.0,0.03505689999991546,0.008758999999884054,0.06119460000002164,,,,
fedrep_reference_seed0_50r,FedRep+FixedPointReference,0,18,0.43521910188576857,1.689323029817983,0.43482420861442656,1.6962533094654786,,,3.0167831019276665e-05,6.3381099000625376e-06,,3,"246,751,75",,,,,3,b08bc3159ed8754f0c60dcb0c451c9fa770dfac86d29a42bab85d65d31cdf381,aa8854cd2e503503,chunked-reference,False,0.003,,1198592,23,65536,16384,8.0,0.0,0.03591690000007475,0.009271099999978105,0.06093399999997473,,,,
fedrep_reference_seed0_50r,FedRep+FixedPointReference,0,19,0.4022520689187356,1.661726445543186,0.4037363777893098,1.6652132575395262,,,3.0225812224671245e-05,5.59332680875391e-06,,3,"800,773,23",,,,,3,b08bc3159ed8754f0c60dcb0c451c9fa770dfac86d29a42bab85d65d31cdf381,aa8854cd2e503503,chunked-reference,False,0.003,,1198592,23,65536,16384,8.0,0.0,0.03688490000007505,0.010427399999969111,0.06470690000003287,,,,
fedrep_reference_seed0_50r,FedRep+FixedPointReference,0,20,0.3798670465337132,1.7094709410148874,0.3800921120913337,1.716129329562712,,,3.042916586885902e-05,1.1077568943635896e-05,,3,"890,694,798",,,,,3,b08bc3159ed8754f0c60dcb0c451c9fa770dfac86d29a42bab85d65d31cdf381,aa8854cd2e503503,chunked-reference,False,0.003,,1198592,23,65536,16384,8.0,0.0,0.03586649999999736,0.009509899999898153,0.06327349999997978,,,,
fedrep_reference_seed0_50r,FedRep+FixedPointReference,0,21,0.32519332519332517,1.723262683411608,0.3200408666320706,1.7263040000023695,,,3.0424518802438867e-05,1.1531100207659284e-05,,3,"492,383,856",,,,,3,b08bc3159ed8754f0c60dcb0c451c9fa770dfac86d29a42bab85d65d31cdf381,aa8854cd2e503503,chunked-reference,False,0.003,,1198592,23,65536,16384,8.0,0.0,0.038078100000007,0.00979770000009239,0.06739700000002813,,,,
fedrep_reference_seed0_50r,FedRep+FixedPointReference,0,22,0.31610364943698277,1.7758647644282193,0.3120297093928386,1.7786066997881271,,,3.0233963009189163e-05,5.926774023614715e-06,,3,"866,191,732",,,,,3,b08bc3159ed8754f0c60dcb0c451c9fa770dfac86d29a42bab85d65d31cdf381,aa8854cd2e503503,chunked-reference,False,0.003,,1198592,23,65536,16384,8.0,0.0,0.035740400000008776,0.00835359999996399,0.06049129999996694,,,,
fedrep_reference_seed0_50r,FedRep+FixedPointReference,0,23,0.33496133496133496,1.7655894873313036,0.3298358847950182,1.7689350597745972,,,3.0281317263546547e-05,5.84495524133276e-06,,3,"519,837,208",,,,,3,b08bc3159ed8754f0c60dcb0c451c9fa770dfac86d29a42bab85d65d31cdf381,aa8854cd2e503503,chunked-reference,False,0.003,,1198592,23,65536,16384,8.0,0.0,0.03907959999992272,0.010727400000064335,0.06561859999999342,,,,
fedrep_reference_seed0_50r,FedRep+FixedPointReference,0,24,0.34595034595034596,1.7729327091612372,0.34527439024390244,1.774835104120973,,,3.0297389101036152e-05,6.877624004890667e-06,,3,"131,354,982",,,,,3,b08bc3159ed8754f0c60dcb0c451c9fa770dfac86d29a42bab85d65d31cdf381,aa8854cd2e503503,chunked-reference,False,0.003,,1198592,23,65536,16384,8.0,0.0,0.03370849999998882,0.007708700000080171,0.057045300000027055,,,,
fedrep_reference_seed0_50r,FedRep+FixedPointReference,0,25,0.3714557047890381,1.7036860736276236,0.37092955371043074,1.704124783944857,,,3.0358474868447038e-05,9.49175991166182e-06,,3,"688,49,288",,,,,3,b08bc3159ed8754f0c60dcb0c451c9fa770dfac86d29a42bab85d65d31cdf381,aa8854cd2e503503,chunked-reference,False,0.003,,1198592,23,65536,16384,8.0,0.0,0.035138800000027004,0.00949310000009973,0.06252210000002378,,,,
fedrep_reference_seed0_50r,FedRep+FixedPointReference,0,26,0.37579704246370915,1.5590679361557616,0.37365399584846914,1.5584819238654535,,,3.042841507565408e-05,7.162221995229589e-06,,3,"769,824,107",,,,,3,b08bc3159ed8754f0c60dcb0c451c9fa770dfac86d29a42bab85d65d31cdf381,aa8854cd2e503503,chunked-reference,False,0.003,,1198592,23,65536,16384,8.0,0.0,0.03819889999999759,0.010496500000101605,0.0852706000000012,,,,
fedrep_reference_seed0_50r,FedRep+FixedPointReference,0,27,0.3509700176366843,1.688392764475764,0.34806370005189413,1.6884886693896672,,,3.0337341540441834e-05,7.353729983468154e-06,,3,"754,768,23",,,,,3,b08bc3159ed8754f0c60dcb0c451c9fa770dfac86d29a42bab85d65d31cdf381,aa8854cd2e503503,chunked-reference,False,0.003,,1198592,23,65536,16384,8.0,0.0,0.036075400000015634,0.00882059999997864,0.061941600000011476,,,,
fedrep_reference_seed0_50r,FedRep+FixedPointReference,0,28,0.3688780355447022,1.6689271748894907,0.364783341982356,1.6687238214430447,,,3.0350523226172017e-05,5.540548138840188e-06,,3,"63,312,392",,,,,3,b08bc3159ed8754f0c60dcb0c451c9fa770dfac86d29a42bab85d65d31cdf381,aa8854cd2e503503,chunked-reference,False,0.003,,1198592,23,65536,16384,8.0,0.0,0.03715399999998681,0.009936500000094384,0.06532509999999547,,,,
fedrep_reference_seed0_50r,FedRep+FixedPointReference,0,29,0.37132003798670465,1.6374378925662563,0.3688862221069019,1.6374871697497282,,,3.0155359180989095e-05,5.906642532305404e-06,,3,"795,973,794",,,,,3,b08bc3159ed8754f0c60dcb0c451c9fa770dfac86d29a42bab85d65d31cdf381,aa8854cd2e503503,chunked-reference,False,0.003,,1198592,23,65536,16384,8.0,0.0,0.033670700000072884,0.011802899999906913,0.06371539999997822,,,,
fedrep_reference_seed0_50r,FedRep+FixedPointReference,0,30,0.3664360331026998,1.7314907995237876,0.3625454073689673,1.7291250739061579,,,3.0256920955448502e-05,8.282627801526283e-06,,3,"923,921,516",,,,,3,b08bc3159ed8754f0c60dcb0c451c9fa770dfac86d29a42bab85d65d31cdf381,aa8854cd2e503503,chunked-reference,False,0.003,,1198592,23,65536,16384,8.0,0.0,0.038728600000069946,0.010688500000071599,0.0658050999999773,,,,
fedrep_reference_seed0_50r,FedRep+FixedPointReference,0,31,0.3588386921720255,1.8118777699874946,0.35406395952257397,1.8125029825152812,,,2.963741014643413e-05,4.859506096353153e-06,,3,"975,558,222",,,,,3,b08bc3159ed8754f0c60dcb0c451c9fa770dfac86d29a42bab85d65d31cdf381,aa8854cd2e503503,chunked-reference,False,0.003,,1198592,23,65536,16384,8.0,0.0,0.035536300000046595,0.010608700000034332,0.06291470000002164,,,,
fedrep_reference_seed0_50r,FedRep+FixedPointReference,0,32,0.36128069461402795,1.720227661944295,0.3576641152049818,1.719961041084731,,,3.0016202280031784e-05,5.674536776043549e-06,,3,"632,687,833",,,,,3,b08bc3159ed8754f0c60dcb0c451c9fa770dfac86d29a42bab85d65d31cdf381,aa8854cd2e503503,chunked-reference,False,0.003,,1198592,23,65536,16384,8.0,0.0,0.03788190000005898,0.010458899999946425,0.06674279999998589,,,,
fedrep_reference_seed0_50r,FedRep+FixedPointReference,0,33,0.3797313797313797,1.6780274401647297,0.3788758432797094,1.6753117294072264,,,3.0289637867497046e-05,6.779828856439552e-06,,3,"286,402,253",,,,,3,b08bc3159ed8754f0c60dcb0c451c9fa770dfac86d29a42bab85d65d31cdf381,aa8854cd2e503503,chunked-reference,False,0.003,,1198592,23,65536,16384,8.0,0.0,0.03740509999988717,0.008975100000043312,0.06325889999993706,,,,
fedrep_reference_seed0_50r,FedRep+FixedPointReference,0,34,0.4109347442680776,1.55680721289948,0.40926634665282824,1.552951633703529,,,3.04529349947224e-05,8.855799792428807e-06,,3,"430,972,395",,,,,3,b08bc3159ed8754f0c60dcb0c451c9fa770dfac86d29a42bab85d65d31cdf381,aa8854cd2e503503,chunked-reference,False,0.003,,1198592,23,65536,16384,8.0,0.0,0.035175099999946724,0.00948849999997492,0.06293270000003304,,,,
fedrep_reference_seed0_50r,FedRep+FixedPointReference,0,35,0.4337267670601004,1.4927526864554215,0.4308510638297872,1.489402475275475,,,3.0220545013435185e-05,5.479206973421989e-06,,3,"832,617,638",,,,,3,b08bc3159ed8754f0c60dcb0c451c9fa770dfac86d29a42bab85d65d31cdf381,aa8854cd2e503503,chunked-reference,False,0.003,,1198592,23,65536,16384,8.0,0.0,0.03360440000017206,0.011040200000024925,0.06155090000004293,,,,
fedrep_reference_seed0_50r,FedRep+FixedPointReference,0,36,0.5029168362501696,1.370219721626132,0.5001946030098599,1.3674709443713469,,,3.0294500498308073e-05,4.674282510337554e-06,,3,"329,898,928",,,,,3,b08bc3159ed8754f0c60dcb0c451c9fa770dfac86d29a42bab85d65d31cdf381,aa8854cd2e503503,chunked-reference,False,0.003,,1198592,23,65536,16384,8.0,0.0,0.036533500000132335,0.009840399999916372,0.06348969999999099,,,,
fedrep_reference_seed0_50r,FedRep+FixedPointReference,0,37,0.5315425315425315,1.3303021939639756,0.5359853399065906,1.3265216793990753,,,3.0188216962887112e-05,5.956672085012165e-06,,3,"982,697,11",,,,,3,b08bc3159ed8754f0c60dcb0c451c9fa770dfac86d29a42bab85d65d31cdf381,aa8854cd2e503503,chunked-reference,False,0.003,,1198592,23,65536,16384,8.0,0.0,0.03607270000009066,0.010414699999842014,0.0633968999999297,,,,
fedrep_reference_seed0_50r,FedRep+FixedPointReference,0,38,0.5483652150318817,1.2764650915618723,0.55108329008822,1.272867404778884,,,3.0253115139759272e-05,7.237741458736074e-06,,3,"635,215,10",,,,,3,b08bc3159ed8754f0c60dcb0c451c9fa770dfac86d29a42bab85d65d31cdf381,aa8854cd2e503503,chunked-reference,False,0.003,,1198592,23,65536,16384,8.0,0.0,0.03834999999992306,0.009082600000056118,0.06570019999992383,,,,
fedrep_reference_seed0_50r,FedRep+FixedPointReference,0,39,0.5388685388685389,1.2943284029853226,0.5401693046185781,1.2890522857287983,,,3.0285688258972268e-05,9.002543345737602e-06,,3,"173,201,929",,,,,3,b08bc3159ed8754f0c60dcb0c451c9fa770dfac86d29a42bab85d65d31cdf381,aa8854cd2e503503,chunked-reference,False,0.003,,1198592,23,65536,16384,8.0,0.0,0.03464759999985745,0.011105899999961366,0.06270499999993717,,,,
fedrep_reference_seed0_50r,FedRep+FixedPointReference,0,40,0.5419888753222086,1.2559631972938132,0.537509730150493,1.2534467578923232,,,3.012129753010302e-05,5.884717868311849e-06,,3,"204,71,594",,,,,3,b08bc3159ed8754f0c60dcb0c451c9fa770dfac86d29a42bab85d65d31cdf381,aa8854cd2e503503,chunked-reference,False,0.003,,1198592,23,65536,16384,8.0,0.0,0.035470499999860294,0.009166000000163876,0.06121270000005552,,,,
fedrep_reference_seed0_50r,FedRep+FixedPointReference,0,41,0.5286935286935287,1.295637861983525,0.524390243902439,1.2933586862974173,,,3.0137345868539304e-05,4.363917710216215e-06,,3,"219,522,833",,,,,3,b08bc3159ed8754f0c60dcb0c451c9fa770dfac86d29a42bab85d65d31cdf381,aa8854cd2e503503,chunked-reference,False,0.003,,1198592,23,65536,16384,8.0,0.0,0.03677420000008169,0.009087099999874226,0.06151009999996404,,,,
fedrep_reference_seed0_50r,FedRep+FixedPointReference,0,42,0.5742775742775743,1.1832743341136964,0.5728788271925273,1.1841795822913863,,,3.0334008522658502e-05,6.772866951386363e-06,,3,"521,737,740",,,,,3,b08bc3159ed8754f0c60dcb0c451c9fa770dfac86d29a42bab85d65d31cdf381,aa8854cd2e503503,chunked-reference,False,0.003,,1198592,23,65536,16384,8.0,0.0,0.03608599999984108,0.009432499999888933,0.06272670000009839,,,,
fedrep_reference_seed0_50r,FedRep+FixedPointReference,0,43,0.575634242300909,1.179690472700424,0.5718571613907628,1.1813290470811721,,,3.000473356749638e-05,5.271417426122592e-06,,3,"858,986,183",,,,,3,b08bc3159ed8754f0c60dcb0c451c9fa770dfac86d29a42bab85d65d31cdf381,aa8854cd2e503503,chunked-reference,False,0.003,,1198592,23,65536,16384,8.0,0.0,0.036582599999974263,0.009282299999995303,0.06407030000002578,,,,
fedrep_reference_seed0_50r,FedRep+FixedPointReference,0,44,0.5528422195088861,1.218123546804988,0.5474993513233005,1.2202716423206008,,,2.9648863181302502e-05,5.875202845098841e-06,,3,"118,19,41",,,,,3,b08bc3159ed8754f0c60dcb0c451c9fa770dfac86d29a42bab85d65d31cdf381,aa8854cd2e503503,chunked-reference,False,0.003,,1198592,23,65536,16384,8.0,0.0,0.03953589999991891,0.010847199999943768,0.0659146000000419,,,,
fedrep_reference_seed0_50r,FedRep+FixedPointReference,0,45,0.5497218830552164,1.2383725768647518,0.5435099896211728,1.2424722834843003,,,3.01118028194954e-05,7.596173288677978e-06,,3,"726,243,342",,,,,3,b08bc3159ed8754f0c60dcb0c451c9fa770dfac86d29a42bab85d65d31cdf381,aa8854cd2e503503,chunked-reference,False,0.003,,1198592,23,65536,16384,8.0,0.0,0.03373740000029102,0.0095069000001331,0.06025180000006003,,,,
fedrep_reference_seed0_50r,FedRep+FixedPointReference,0,46,0.5718355718355719,1.194890095499817,0.5638135703165542,1.2020887147393817,,,3.0031945142481122e-05,5.678635482459632e-06,,3,"576,629,557",,,,,3,b08bc3159ed8754f0c60dcb0c451c9fa770dfac86d29a42bab85d65d31cdf381,aa8854cd2e503503,chunked-reference,False,0.003,,1198592,23,65536,16384,8.0,0.0,0.03759489999993093,0.009434699999928853,0.06543759999999565,,,,
fedrep_reference_seed0_50r,FedRep+FixedPointReference,0,47,0.577940577940578,1.1879359409773371,0.5691327192527245,1.1957853829182665,,,3.0465360920308e-05,6.0408994507433345e-06,,3,"530,926,586",,,,,3,b08bc3159ed8754f0c60dcb0c451c9fa770dfac86d29a42bab85d65d31cdf381,aa8854cd2e503503,chunked-reference,False,0.003,,1198592,23,65536,16384,8.0,0.0,0.03571099999987837,0.010190199999897231,0.061054299999909745,,,,
fedrep_reference_seed0_50r,FedRep+FixedPointReference,0,48,0.5894722561389228,1.1096625803874423,0.5809548521017125,1.1191201052591873,,,3.0323499506163714e-05,7.603027717406045e-06,,3,"847,474,853",,,,,3,b08bc3159ed8754f0c60dcb0c451c9fa770dfac86d29a42bab85d65d31cdf381,aa8854cd2e503503,chunked-reference,False,0.003,,1198592,23,65536,16384,8.0,0.0,0.03591390000008232,0.010814200000027085,0.06277569999997468,,,,
fedrep_reference_seed0_50r,FedRep+FixedPointReference,0,49,0.5836385836385837,1.1058411537563133,0.5766573689673067,1.1157281013560796,,,3.0173576222016253e-05,5.191599916056391e-06,,3,"318,794,718",,,,,3,b08bc3159ed8754f0c60dcb0c451c9fa770dfac86d29a42bab85d65d31cdf381,aa8854cd2e503503,chunked-reference,False,0.003,,1198592,23,65536,16384,8.0,0.0,0.03373210000006566,0.009422100000051614,0.059499599999981,,,,
fedrep_reference_seed1_50r,FedRep+FixedPointReference,1,0,0.1339031339031339,2.576178291976541,0.1352815256875973,2.5732615025280037,,,3.013093172028513e-05,9.037900872604115e-06,,3,"993,859,298",,,,,3,8426d130d5d5890028ff444b8650040e0b6ce53a2f234a55168a10ea229943b0,aa8854cd2e503503,chunked-reference,False,0.003,,1198592,23,65536,16384,8.0,0.0,0.037276500000004376,0.0094566999999941,0.06582709999999992,,,,
fedrep_reference_seed1_50r,FedRep+FixedPointReference,1,1,0.13105413105413105,2.6742589429633425,0.134065256875973,2.671535373839321,,,3.0239907881388293e-05,5.963690860388296e-06,,3,"507,818,452",,,,,3,8426d130d5d5890028ff444b8650040e0b6ce53a2f234a55168a10ea229943b0,aa8854cd2e503503,chunked-reference,False,0.003,,1198592,23,65536,16384,8.0,0.0,0.03809469999999493,0.009292999999999552,0.06398310000000151,,,,
fedrep_reference_seed1_50r,FedRep+FixedPointReference,1,2,0.10120743454076787,2.5188095408166187,0.10284769071094967,2.5184086088247124,,,3.015747033925944e-05,5.482788494452455e-06,,3,"37,726,846",,,,,3,8426d130d5d5890028ff444b8650040e0b6ce53a2f234a55168a10ea229943b0,aa8854cd2e503503,chunked-reference,False,0.003,,1198592,23,65536,16384,8.0,0.0,0.036304299999997625,0.00926709999999531,0.06428909999999632,,,,
fedrep_reference_seed1_50r,FedRep+FixedPointReference,1,3,0.12657712657712658,2.515325996558292,0.12736766995329526,2.516314605071565,,,3.0302756818608172e-05,6.6853979399576485e-06,,3,"642,762,909",,,,,3,8426d130d5d5890028ff444b8650040e0b6ce53a2f234a55168a10ea229943b0,aa8854cd2e503503,chunked-reference,False,0.003,,1198592,23,65536,16384,8.0,0.0,0.038073499999995875,0.008503700000005665,0.06367849999999464,,,,
fedrep_reference_seed1_50r,FedRep+FixedPointReference,1,4,0.1344458011124678,2.55368058475043,0.13474636741048263,2.555256006633397,,,3.018840733501647e-05,5.402109506423647e-06,,3,"698,577,763",,,,,3,8426d130d5d5890028ff444b8650040e0b6ce53a2f234a55168a10ea229943b0,aa8854cd2e503503,chunked-reference,False,0.003,,1198592,23,65536,16384,8.0,0.0,0.037926899999987995,0.009711299999992207,0.06484369999999728,,,,
fedrep_reference_seed1_50r,FedRep+FixedPointReference,1,5,0.12454212454212454,2.497773470153385,0.12467566165023353,2.4959567927652078,,,3.0351816402638657e-05,9.905367354682368e-06,,3,"544,515,193",,,,,3,8426d130d5d5890028ff444b8650040e0b6ce53a2f234a55168a10ea229943b0,aa8854cd2e503503,chunked-reference,False,0.003,,1198592,23,65536,16384,8.0,0.0,0.03620810000001029,0.011456700000010756,0.06700229999999863,,,,
fedrep_reference_seed1_50r,FedRep+FixedPointReference,1,6,0.18016551349884682,2.3738181594363246,0.1800726517903477,2.3734801939997685,,,3.0250754207372665e-05,4.769398031060649e-06,,3,"978,22,909",,,,,3,8426d130d5d5890028ff444b8650040e0b6ce53a2f234a55168a10ea229943b0,aa8854cd2e503503,chunked-reference,False,0.003,,1198592,23,65536,16384,8.0,0.0,0.03433010000001957,0.01025580000001014,0.062139599999994743,,,,
fedrep_reference_seed1_50r,FedRep+FixedPointReference,1,7,0.16157916157916158,2.424411526400146,0.163061105345096,2.4207270423845033,,,2.9918352334663785e-05,5.015207097017483e-06,,3,"778,334,271",,,,,3,8426d130d5d5890028ff444b8650040e0b6ce53a2f234a55168a10ea229943b0,aa8854cd2e503503,chunked-reference,False,0.003,,1198592,23,65536,16384,8.0,0.0,0.03368449999999257,0.009534699999989016,0.05983940000001553,,,,
fedrep_reference_seed1_50r,FedRep+FixedPointReference,1,8,0.14557047890381225,2.6911687593057545,0.1472658277114686,2.6852332389874225,,,3.038558402451976e-05,6.65142675510073e-06,,3,"908,265,627",,,,,3,8426d130d5d5890028ff444b8650040e0b6ce53a2f234a55168a10ea229943b0,aa8854cd2e503503,chunked-reference,False,0.003,,1198592,23,65536,16384,8.0,0.0,0.038513900000026524,0.009512999999998328,0.06452070000000276,,,,
fedrep_reference_seed1_50r,FedRep+FixedPointReference,1,9,0.17338217338217338,2.5121688868473093,0.1740237415672029,2.508557738908414,,,3.0430723612495842e-05,9.431678243406211e-06,,3,"2,879,57",,,,,3,8426d130d5d5890028ff444b8650040e0b6ce53a2f234a55168a10ea229943b0,aa8854cd2e503503,chunked-reference,False,0.003,,1198592,23,65536,16384,8.0,0.0,0.03548379999998019,0.009696399999967298,0.061382199999997056,,,,
fedrep_reference_seed1_50r,FedRep+FixedPointReference,1,10,0.20689187355854022,2.3359004610605907,0.20660352880124547,2.332091536738409,,,3.0223634980973765e-05,5.538914721778784e-06,,3,"841,956,544",,,,,3,8426d130d5d5890028ff444b8650040e0b6ce53a2f234a55168a10ea229943b0,aa8854cd2e503503,chunked-reference,False,0.003,,1198592,23,65536,16384,8.0,0.0,0.03709360000001993,0.009529400000047872,0.06333879999999681,,,,
fedrep_reference_seed1_50r,FedRep+FixedPointReference,1,11,0.2201872201872202,2.1851283052645973,0.22053386092371563,2.1847900497428063,,,3.0192403452626137e-05,5.385541770898316e-06,,3,"25,464,372",,,,,3,8426d130d5d5890028ff444b8650040e0b6ce53a2f234a55168a10ea229943b0,aa8854cd2e503503,chunked-reference,False,0.003,,1198592,23,65536,16384,8.0,0.0,0.037174400000054675,0.008926900000034266,0.0630745999999931,,,,
fedrep_reference_seed1_50r,FedRep+FixedPointReference,1,12,0.24040157373490706,2.082488187105559,0.2394427867151012,2.0843259240876133,,,3.0220615262367637e-05,6.175279100841473e-06,,3,"518,871,797",,,,,3,8426d130d5d5890028ff444b8650040e0b6ce53a2f234a55168a10ea229943b0,aa8854cd2e503503,chunked-reference,False,0.003,,1198592,23,65536,16384,8.0,0.0,0.03641359999997462,0.009155599999985498,0.060813700000011295,,,,
fedrep_reference_seed1_50r,FedRep+FixedPointReference,1,13,0.2459639126305793,2.07580378032274,0.24463220031136482,2.0774464443603464,,,3.045783801512284e-05,5.526145022157631e-06,,3,"945,452,304",,,,,3,8426d130d5d5890028ff444b8650040e0b6ce53a2f234a55168a10ea229943b0,aa8854cd2e503503,chunked-reference,False,0.003,,1198592,23,65536,16384,8.0,0.0,0.03409880000000953,0.007790600000021186,0.06008239999999887,,,,
fedrep_reference_seed1_50r,FedRep+FixedPointReference,1,14,0.282322615655949,2.1283250281115027,0.2811526984950701,2.129065171114192,,,3.030950808402983e-05,7.719060237698488e-06,,3,"172,278,486",,,,,3,8426d130d5d5890028ff444b8650040e0b6ce53a2f234a55168a10ea229943b0,aa8854cd2e503503,chunked-reference,False,0.003,,1198592,23,65536,16384,8.0,0.0,0.03682549999996354,0.008704299999976683,0.06259869999999523,,,,
fedrep_reference_seed1_50r,FedRep+FixedPointReference,1,15,0.28300094966761635,2.1703017488044183,0.28270952257394916,2.1725042162307755,,,3.0104498601640046e-05,6.186127106077772e-06,,3,"825,374,488",,,,,3,8426d130d5d5890028ff444b8650040e0b6ce53a2f234a55168a10ea229943b0,aa8854cd2e503503,chunked-reference,False,0.003,,1198592,23,65536,16384,8.0,0.0,0.03268889999998237,0.009589199999993525,0.05809529999999086,,,,
fedrep_reference_seed1_50r,FedRep+FixedPointReference,1,16,0.32315832315832316,2.0151405962134015,0.321062532433835,2.016186490795477,,,3.0259969969128454e-05,6.941532320187321e-06,,3,"221,988,882",,,,,3,8426d130d5d5890028ff444b8650040e0b6ce53a2f234a55168a10ea229943b0,aa8854cd2e503503,chunked-reference,False,0.003,,1198592,23,65536,16384,8.0,0.0,0.0374802000001182,0.010049600000002101,0.06408309999994799,,,,
fedrep_reference_seed1_50r,FedRep+FixedPointReference,1,17,0.36602903269569936,1.8515158947546788,0.3611021017125065,1.8526623220144562,,,3.0106216680580453e-05,8.086312678054554e-06,,3,"786,499,930",,,,,3,8426d130d5d5890028ff444b8650040e0b6ce53a2f234a55168a10ea229943b0,aa8854cd2e503503,chunked-reference,False,0.003,,1198592,23,65536,16384,8.0,0.0,0.03382260000006454,0.008201299999939238,0.05842440000003535,,,,
fedrep_reference_seed1_50r,FedRep+FixedPointReference,1,18,0.4015737349070682,1.7514717880378157,0.3981415412558381,1.751225828951847,,,3.0210960124220167e-05,5.921394810509349e-06,,3,"246,751,75",,,,,3,8426d130d5d5890028ff444b8650040e0b6ce53a2f234a55168a10ea229943b0,aa8854cd2e503503,chunked-reference,False,0.003,,1198592,23,65536,16384,8.0,0.0,0.03515780000003588,0.009628800000086812,0.06085849999999482,,,,
fedrep_reference_seed1_50r,FedRep+FixedPointReference,1,19,0.39614706281372947,1.7839524760788341,0.3963090295796575,1.7806894728379856,,,3.0060345306992534e-05,4.858439181123074e-06,,3,"800,773,23",,,,,3,8426d130d5d5890028ff444b8650040e0b6ce53a2f234a55168a10ea229943b0,aa8854cd2e503503,chunked-reference,False,0.003,,1198592,23,65536,16384,8.0,0.0,0.03413260000002083,0.008617199999946479,0.059575999999992746,,,,
fedrep_reference_seed1_50r,FedRep+FixedPointReference,1,20,0.38610771944105277,1.8741392368434446,0.3849734042553192,1.8728267363476152,,,3.0398291631570868e-05,9.962897494561343e-06,,3,"890,694,798",,,,,3,8426d130d5d5890028ff444b8650040e0b6ce53a2f234a55168a10ea229943b0,aa8854cd2e503503,chunked-reference,False,0.003,,1198592,23,65536,16384,8.0,0.0,0.035728099999914775,0.008673099999953138,0.061631099999999606,,,,
fedrep_reference_seed1_50r,FedRep+FixedPointReference,1,21,0.3458146791480125,1.7887552208550808,0.34099312402698495,1.791128359210507,,,3.0361446594056457e-05,1.1227477071147375e-05,,3,"492,383,856",,,,,3,8426d130d5d5890028ff444b8650040e0b6ce53a2f234a55168a10ea229943b0,aa8854cd2e503503,chunked-reference,False,0.003,,1198592,23,65536,16384,8.0,0.0,0.03709890000004634,0.008265400000027512,0.062154899999995905,,,,
fedrep_reference_seed1_50r,FedRep+FixedPointReference,1,22,0.35734635734635734,1.7832099817365483,0.3512746497145823,1.7852417909852738,,,3.024118760710254e-05,5.728223843237323e-06,,3,"866,191,732",,,,,3,8426d130d5d5890028ff444b8650040e0b6ce53a2f234a55168a10ea229943b0,aa8854cd2e503503,chunked-reference,False,0.003,,1198592,23,65536,16384,8.0,0.0,0.038685400000019854,0.009523599999909038,0.06592449999999417,,,,
fedrep_reference_seed1_50r,FedRep+FixedPointReference,1,23,0.367657034323701,1.8053587745781179,0.3641508822003114,1.8064351547768578,,,3.014334320726961e-05,5.556461062747704e-06,,3,"519,837,208",,,,,3,8426d130d5d5890028ff444b8650040e0b6ce53a2f234a55168a10ea229943b0,aa8854cd2e503503,chunked-reference,False,0.003,,1198592,23,65536,16384,8.0,0.0,0.03345649999999978,0.00840130000000272,0.06034800000003315,,,,
fedrep_reference_seed1_50r,FedRep+FixedPointReference,1,24,0.3808167141500475,1.8076580958484965,0.3769298131811105,1.8060707694640992,,,3.0204676566462892e-05,6.818180044597029e-06,,3,"131,354,982",,,,,3,8426d130d5d5890028ff444b8650040e0b6ce53a2f234a55168a10ea229943b0,aa8854cd2e503503,chunked-reference,False,0.003,,1198592,23,65536,16384,8.0,0.0,0.034724199999971006,0.009823700000026747,0.06165260000000217,,,,
fedrep_reference_seed1_50r,FedRep+FixedPointReference,1,25,0.3903133903133903,1.8060621680146987,0.3945900363258952,1.8026882415356529,,,3.0330688094914858e-05,9.34434629945669e-06,,3,"688,49,288",,,,,3,8426d130d5d5890028ff444b8650040e0b6ce53a2f234a55168a10ea229943b0,aa8854cd2e503503,chunked-reference,False,0.003,,1198592,23,65536,16384,8.0,0.0,0.03652929999998378,0.009661099999959788,0.0636963000000037,,,,
fedrep_reference_seed1_50r,FedRep+FixedPointReference,1,26,0.38583638583638585,1.8116004484585722,0.3879573170731707,1.805665478001279,,,3.0225846080147488e-05,7.206882091358797e-06,,3,"769,824,107",,,,,3,8426d130d5d5890028ff444b8650040e0b6ce53a2f234a55168a10ea229943b0,aa8854cd2e503503,chunked-reference,False,0.003,,1198592,23,65536,16384,8.0,0.0,0.03676980000000185,0.009657300000014857,0.06304289999997081,,,,
fedrep_reference_seed1_50r,FedRep+FixedPointReference,1,27,0.38190204856871524,1.9145612787896629,0.3854923456149455,1.9059303728938874,,,3.0250855039541177e-05,6.75896743683812e-06,,3,"754,768,23",,,,,3,8426d130d5d5890028ff444b8650040e0b6ce53a2f234a55168a10ea229943b0,aa8854cd2e503503,chunked-reference,False,0.003,,1198592,23,65536,16384,8.0,0.0,0.07218049999994491,0.011681699999996908,0.10369910000002847,,,,
fedrep_reference_seed1_50r,FedRep+FixedPointReference,1,28,0.3832587165920499,1.856236249718867,0.3880384016606124,1.849070931494145,,,3.030185074171173e-05,5.561121729499376e-06,,3,"63,312,392",,,,,3,8426d130d5d5890028ff444b8650040e0b6ce53a2f234a55168a10ea229943b0,aa8854cd2e503503,chunked-reference,False,0.003,,1198592,23,65536,16384,8.0,0.0,0.03505999999993037,0.010463600000036877,0.062027700000044206,,,,
fedrep_reference_seed1_50r,FedRep+FixedPointReference,1,29,0.3908560575227242,1.7914636662249512,0.3968604047742605,1.7856177817377454,,,3.0219073717792826e-05,5.882616124700922e-06,,3,"795,973,794",,,,,3,8426d130d5d5890028ff444b8650040e0b6ce53a2f234a55168a10ea229943b0,aa8854cd2e503503,chunked-reference,False,0.003,,1198592,23,65536,16384,8.0,0.0,0.03592620000000579,0.009575200000199402,0.06444759999999405,,,,
fedrep_reference_seed1_50r,FedRep+FixedPointReference,1,30,0.3956043956043956,1.8064390540266086,0.40041190970420343,1.7984231903498602,,,3.0360972317301218e-05,8.501891525652138e-06,,3,"923,921,516",,,,,3,8426d130d5d5890028ff444b8650040e0b6ce53a2f234a55168a10ea229943b0,aa8854cd2e503503,chunked-reference,False,0.003,,1198592,23,65536,16384,8.0,0.0,0.03292020000003504,0.00887700000004088,0.05914500000000089,,,,
fedrep_reference_seed1_50r,FedRep+FixedPointReference,1,31,0.39940306606973275,1.844329135381803,0.4039796315516347,1.8339109875799142,,,3.0175544230676287e-05,4.93016068532386e-06,,3,"975,558,222",,,,,3,8426d130d5d5890028ff444b8650040e0b6ce53a2f234a55168a10ea229943b0,aa8854cd2e503503,chunked-reference,False,0.003,,1198592,23,65536,16384,8.0,0.0,0.03717910000005986,0.009270899999933135,0.06325200000003406,,,,
fedrep_reference_seed1_50r,FedRep+FixedPointReference,1,32,0.391670058336725,1.8696953229716493,0.3945089517384536,1.8582875461345845,,,3.032494402889694e-05,5.4141475249928924e-06,,3,"632,687,833",,,,,3,8426d130d5d5890028ff444b8650040e0b6ce53a2f234a55168a10ea229943b0,aa8854cd2e503503,chunked-reference,False,0.003,,1198592,23,65536,16384,8.0,0.0,0.03658030000008239,0.009838000000058855,0.06415559999999232,,,,
fedrep_reference_seed1_50r,FedRep+FixedPointReference,1,33,0.4139194139194139,1.790719299985831,0.41636935651271406,1.777809300908794,,,3.0406682868959424e-05,7.421813392605206e-06,,3,"286,402,253",,,,,3,8426d130d5d5890028ff444b8650040e0b6ce53a2f234a55168a10ea229943b0,aa8854cd2e503503,chunked-reference,False,0.003,,1198592,23,65536,16384,8.0,0.0,0.038453200000162724,0.009444799999982934,0.06621540000003279,,,,
fedrep_reference_seed1_50r,FedRep+FixedPointReference,1,34,0.44634377967711303,1.6677338087697449,0.4503600155682408,1.6524372310543507,,,3.0451137939001147e-05,9.219058832563024e-06,,3,"430,972,395",,,,,3,8426d130d5d5890028ff444b8650040e0b6ce53a2f234a55168a10ea229943b0,aa8854cd2e503503,chunked-reference,False,0.003,,1198592,23,65536,16384,8.0,0.0,0.037984800000003816,0.00796920000004775,0.06294800000000578,,,,
fedrep_reference_seed1_50r,FedRep+FixedPointReference,1,35,0.44580111246777915,1.6741189300324735,0.44998702646600935,1.6582088128673778,,,3.025789337698371e-05,5.331900583535599e-06,,3,"832,617,638",,,,,3,8426d130d5d5890028ff444b8650040e0b6ce53a2f234a55168a10ea229943b0,aa8854cd2e503503,chunked-reference,False,0.003,,1198592,23,65536,16384,8.0,0.0,0.03864249999980984,0.010531000000128188,0.06666440000003604,,,,
fedrep_reference_seed1_50r,FedRep+FixedPointReference,1,36,0.44281644281644283,1.6724934249571892,0.44885184224182667,1.6576462104894911,,,2.9995830522643195e-05,4.5413899528586155e-06,,3,"329,898,928",,,,,3,8426d130d5d5890028ff444b8650040e0b6ce53a2f234a55168a10ea229943b0,aa8854cd2e503503,chunked-reference,False,0.003,,1198592,23,65536,16384,8.0,0.0,0.08400579999999991,0.009482599999842023,0.11214649999999438,,,,
fedrep_reference_seed1_50r,FedRep+FixedPointReference,1,37,0.4411884411884412,1.672768540795206,0.4470193305656461,1.6587155221628418,,,3.0051429459615433e-05,5.474338994470362e-06,,3,"982,697,11",,,,,3,8426d130d5d5890028ff444b8650040e0b6ce53a2f234a55168a10ea229943b0,aa8854cd2e503503,chunked-reference,False,0.003,,1198592,23,65536,16384,8.0,0.0,0.0347082999999202,0.008792900000003101,0.061423699999977543,,,,
fedrep_reference_seed1_50r,FedRep+FixedPointReference,1,38,0.45407678741012075,1.6597747883548384,0.45864686040477426,1.6438383503641243,,,3.023588270613342e-05,6.969203769299623e-06,,3,"635,215,10",,,,,3,8426d130d5d5890028ff444b8650040e0b6ce53a2f234a55168a10ea229943b0,aa8854cd2e503503,chunked-reference,False,0.003,,1198592,23,65536,16384,8.0,0.0,0.03460270000005039,0.011060999999926935,0.06283589999998185,,,,
fedrep_reference_seed1_50r,FedRep+FixedPointReference,1,39,0.4498711165377832,1.5989157523989053,0.449468085106383,1.5859139275021332,,,3.039282108397047e-05,9.09231949391663e-06,,3,"173,201,929",,,,,3,8426d130d5d5890028ff444b8650040e0b6ce53a2f234a55168a10ea229943b0,aa8854cd2e503503,chunked-reference,False,0.003,,1198592,23,65536,16384,8.0,0.0,0.03543059999981324,0.010550100000159546,0.06280800000001818,,,,
fedrep_reference_seed1_50r,FedRep+FixedPointReference,1,40,0.4673721340388007,1.4593571680864834,0.46654449922158797,1.4498641995660702,,,3.012880205926371e-05,5.6633966343294375e-06,,3,"204,71,594",,,,,3,8426d130d5d5890028ff444b8650040e0b6ce53a2f234a55168a10ea229943b0,aa8854cd2e503503,chunked-reference,False,0.003,,1198592,23,65536,16384,8.0,0.0,0.03589260000001104,0.011055800000008276,0.06418229999997038,,,,
fedrep_reference_seed1_50r,FedRep+FixedPointReference,1,41,0.4656084656084656,1.4892204756356944,0.4628308251167618,1.4813398497146673,,,3.0112373543546557e-05,4.650110006155304e-06,,3,"219,522,833",,,,,3,8426d130d5d5890028ff444b8650040e0b6ce53a2f234a55168a10ea229943b0,aa8854cd2e503503,chunked-reference,False,0.003,,1198592,23,65536,16384,8.0,0.0,0.03452540000000681,0.009655899999984285,0.05957280000006904,,,,
fedrep_reference_seed1_50r,FedRep+FixedPointReference,1,42,0.4622167955501289,1.4980268701311208,0.46033341982355996,1.4875441439265578,,,3.0143333500937413e-05,6.757498096850586e-06,,3,"521,737,740",,,,,3,8426d130d5d5890028ff444b8650040e0b6ce53a2f234a55168a10ea229943b0,aa8854cd2e503503,chunked-reference,False,0.003,,1198592,23,65536,16384,8.0,0.0,0.036615999999980886,0.010181000000102358,0.06592749999992975,,,,
fedrep_reference_seed1_50r,FedRep+FixedPointReference,1,43,0.46316646316646315,1.5391177871526833,0.4615983393876492,1.528583923368357,,,3.0080619526196657e-05,5.081595599855954e-06,,3,"858,986,183",,,,,3,8426d130d5d5890028ff444b8650040e0b6ce53a2f234a55168a10ea229943b0,aa8854cd2e503503,chunked-reference,False,0.003,,1198592,23,65536,16384,8.0,0.0,0.040787099999874954,0.010035500000185493,0.06894939999995131,,,,
fedrep_reference_seed1_50r,FedRep+FixedPointReference,1,44,0.47510514177180846,1.5312852504864334,0.47380967825635706,1.520816188694152,,,3.0245674266056582e-05,5.922493200750397e-06,,3,"118,19,41",,,,,3,8426d130d5d5890028ff444b8650040e0b6ce53a2f234a55168a10ea229943b0,aa8854cd2e503503,chunked-reference,False,0.003,,1198592,23,65536,16384,8.0,0.0,0.035629599999992934,0.009767099999862694,0.06270040000003974,,,,
fedrep_reference_seed1_50r,FedRep+FixedPointReference,1,45,0.48677248677248675,1.3168258396184815,0.4890373637778931,1.3173359468999908,,,3.023993534346424e-05,7.822510536804726e-06,,3,"726,243,342",,,,,3,8426d130d5d5890028ff444b8650040e0b6ce53a2f234a55168a10ea229943b0,aa8854cd2e503503,chunked-reference,False,0.003,,1198592,23,65536,16384,8.0,0.0,0.03262569999992593,0.009176900000056776,0.059846699999980046,,,,
fedrep_reference_seed1_50r,FedRep+FixedPointReference,1,46,0.5027811694478361,1.3165942249219507,0.5008919304618578,1.317188100597424,,,3.0395429995324865e-05,6.384332487501994e-06,,3,"576,629,557",,,,,3,8426d130d5d5890028ff444b8650040e0b6ce53a2f234a55168a10ea229943b0,aa8854cd2e503503,chunked-reference,False,0.003,,1198592,23,65536,16384,8.0,0.0,0.038237199999912264,0.010009600000103092,0.06480450000003657,,,,
fedrep_reference_seed1_50r,FedRep+FixedPointReference,1,47,0.511735178401845,1.30501824304839,0.5129411001556824,1.3057660220351117,,,3.0175946510823184e-05,6.52525714207658e-06,,3,"530,926,586",,,,,3,8426d130d5d5890028ff444b8650040e0b6ce53a2f234a55168a10ea229943b0,aa8854cd2e503503,chunked-reference,False,0.003,,1198592,23,65536,16384,8.0,0.0,0.03569279999999253,0.011249400000224341,0.0639030999999477,,,,
fedrep_reference_seed1_50r,FedRep+FixedPointReference,1,48,0.5153981820648488,1.2812834432037126,0.5168818111053451,1.2821592314284358,,,3.0240751275757596e-05,7.342729678467044e-06,,3,"847,474,853",,,,,3,8426d130d5d5890028ff444b8650040e0b6ce53a2f234a55168a10ea229943b0,aa8854cd2e503503,chunked-reference,False,0.003,,1198592,23,65536,16384,8.0,0.0,0.03447750000009364,0.009591499999942243,0.06048740000005637,,,,
fedrep_reference_seed1_50r,FedRep+FixedPointReference,1,49,0.5136345136345136,1.2804615078560548,0.5144168396471199,1.281833174241733,,,3.0153837556449266e-05,5.898079408468156e-06,,3,"318,794,718",,,,,3,8426d130d5d5890028ff444b8650040e0b6ce53a2f234a55168a10ea229943b0,aa8854cd2e503503,chunked-reference,False,0.003,,1198592,23,65536,16384,8.0,0.0,0.03806209999993371,0.01037420000000111,0.06590969999990648,,,,
fedrep_reference_seed2_50r,FedRep+FixedPointReference,2,0,0.16144349477682812,2.447200599906726,0.16231512714063312,2.447660428771027,,,3.026541562216118e-05,9.195724462851914e-06,,3,"993,859,298",,,,,3,89bc208c8645183c08f41aa44a8c0ca7b2a67bd6c52baa3e5476202914136a83,aa8854cd2e503503,chunked-reference,False,0.003,,1198592,23,65536,16384,8.0,0.0,0.04584810000000772,0.013880799999995475,0.07803310000000607,,,,
fedrep_reference_seed2_50r,FedRep+FixedPointReference,2,1,0.12304978971645639,2.7405166135255103,0.12454592631032693,2.7428198855953387,,,3.027511903872849e-05,6.0692652027553165e-06,,3,"507,818,452",,,,,3,89bc208c8645183c08f41aa44a8c0ca7b2a67bd6c52baa3e5476202914136a83,aa8854cd2e503503,chunked-reference,False,0.003,,1198592,23,65536,16384,8.0,0.0,0.044135299999986444,0.011143399999994585,0.0756214999999969,,,,
fedrep_reference_seed2_50r,FedRep+FixedPointReference,2,2,0.17921584588251255,2.356490690176724,0.18117540217955372,2.3567709173904716,,,2.999787440870044e-05,4.926437811340564e-06,,3,"37,726,846",,,,,3,89bc208c8645183c08f41aa44a8c0ca7b2a67bd6c52baa3e5476202914136a83,aa8854cd2e503503,chunked-reference,False,0.003,,1198592,23,65536,16384,8.0,0.0,0.038383700000011345,0.011358599999994112,0.06881490000000667,,,,
fedrep_reference_seed2_50r,FedRep+FixedPointReference,2,3,0.17501017501017502,2.4825070991459186,0.1762616761805916,2.4854032173140803,,,3.0348622194916386e-05,6.879425138102731e-06,,3,"642,762,909",,,,,3,89bc208c8645183c08f41aa44a8c0ca7b2a67bd6c52baa3e5476202914136a83,aa8854cd2e503503,chunked-reference,False,0.003,,1198592,23,65536,16384,8.0,0.0,0.07578050000000758,0.011026700000030587,0.10392109999999377,,,,
fedrep_reference_seed2_50r,FedRep+FixedPointReference,2,4,0.16334283000949668,2.5898360865456715,0.1645530617540218,2.594235230748307,,,3.0196737498044968e-05,5.083297936379215e-06,,3,"698,577,763",,,,,3,89bc208c8645183c08f41aa44a8c0ca7b2a67bd6c52baa3e5476202914136a83,aa8854cd2e503503,chunked-reference,False,0.003,,1198592,23,65536,16384,8.0,0.0,0.03710989999999015,0.009098700000023996,0.06234550000000638,,,,
fedrep_reference_seed2_50r,FedRep+FixedPointReference,2,5,0.15153981820648488,2.533252960175332,0.15391476388168138,2.53522420323933,,,3.0358079351296946e-05,9.645809603444296e-06,,3,"544,515,193",,,,,3,89bc208c8645183c08f41aa44a8c0ca7b2a67bd6c52baa3e5476202914136a83,aa8854cd2e503503,chunked-reference,False,0.003,,1198592,23,65536,16384,8.0,0.0,0.0426217000000122,0.009246400000023414,0.07003670000000284,,,,
fedrep_reference_seed2_50r,FedRep+FixedPointReference,2,6,0.1785375118708452,2.5192642121781343,0.18042942397509082,2.5204359023193463,,,3.043310716748238e-05,4.57500130205992e-06,,3,"978,22,909",,,,,3,89bc208c8645183c08f41aa44a8c0ca7b2a67bd6c52baa3e5476202914136a83,aa8854cd2e503503,chunked-reference,False,0.003,,1198592,23,65536,16384,8.0,0.0,0.04039750000001163,0.009008899999983555,0.11016639999999711,,,,
fedrep_reference_seed2_50r,FedRep+FixedPointReference,2,7,0.18572785239451906,2.40321003834172,0.1862837311883757,2.4048257372376787,,,3.0258333246255752e-05,4.9139138548044655e-06,,3,"778,334,271",,,,,3,89bc208c8645183c08f41aa44a8c0ca7b2a67bd6c52baa3e5476202914136a83,aa8854cd2e503503,chunked-reference,False,0.003,,1198592,23,65536,16384,8.0,0.0,0.04100170000000958,0.009876199999979463,0.07156789999999091,,,,
fedrep_reference_seed2_50r,FedRep+FixedPointReference,2,8,0.1755528422195089,2.4672647634933784,0.17596977166580177,2.468824402650576,,,3.0239029177304012e-05,6.8985174750273194e-06,,3,"908,265,627",,,,,3,89bc208c8645183c08f41aa44a8c0ca7b2a67bd6c52baa3e5476202914136a83,aa8854cd2e503503,chunked-reference,False,0.003,,1198592,23,65536,16384,8.0,0.0,0.03704309999994848,0.010682199999990871,0.0644766000000061,,,,
fedrep_reference_seed2_50r,FedRep+FixedPointReference,2,9,0.18749152082485415,2.5603497239736797,0.1889433056564608,2.5614681229936087,,,3.04585153341883e-05,9.258541131040678e-06,,3,"2,879,57",,,,,3,89bc208c8645183c08f41aa44a8c0ca7b2a67bd6c52baa3e5476202914136a83,aa8854cd2e503503,chunked-reference,False,0.003,,1198592,23,65536,16384,8.0,0.0,0.03641540000003829,0.00995910000003164,0.06457759999997847,,,,
fedrep_reference_seed2_50r,FedRep+FixedPointReference,2,10,0.19495319495319496,2.4675433606317707,0.1949759989621173,2.46855057614192,,,3.0360458093503127e-05,6.135162924021013e-06,,3,"841,956,544",,,,,3,89bc208c8645183c08f41aa44a8c0ca7b2a67bd6c52baa3e5476202914136a83,aa8854cd2e503503,chunked-reference,False,0.003,,1198592,23,65536,16384,8.0,0.0,0.03763099999997621,0.010713699999968185,0.0658704999999884,,,,
fedrep_reference_seed2_50r,FedRep+FixedPointReference,2,11,0.19888753222086555,2.360414911255993,0.20053840166061235,2.3641520845720714,,,3.0079934125145272e-05,5.437375173353377e-06,,3,"25,464,372",,,,,3,89bc208c8645183c08f41aa44a8c0ca7b2a67bd6c52baa3e5476202914136a83,aa8854cd2e503503,chunked-reference,False,0.003,,1198592,23,65536,16384,8.0,0.0,0.040894899999955214,0.00962129999996364,0.06800429999998414,,,,
fedrep_reference_seed2_50r,FedRep+FixedPointReference,2,12,0.2553249219915887,2.1362057976266,0.2587895692786715,2.139058582613197,,,3.0267243105244923e-05,6.735256876744394e-06,,3,"518,871,797",,,,,3,89bc208c8645183c08f41aa44a8c0ca7b2a67bd6c52baa3e5476202914136a83,aa8854cd2e503503,chunked-reference,False,0.003,,1198592,23,65536,16384,8.0,0.0,0.035307500000016034,0.009795799999977817,0.060654400000004216,,,,
fedrep_reference_seed2_50r,FedRep+FixedPointReference,2,13,0.2683489350156017,2.1283776845063183,0.2709198235599377,2.1290361667251196,,,3.038498424840244e-05,6.324871311406374e-06,,3,"945,452,304",,,,,3,89bc208c8645183c08f41aa44a8c0ca7b2a67bd6c52baa3e5476202914136a83,aa8854cd2e503503,chunked-reference,False,0.003,,1198592,23,65536,16384,8.0,0.0,0.03587419999999497,0.009315400000076579,0.0633463000000063,,,,
fedrep_reference_seed2_50r,FedRep+FixedPointReference,2,14,0.3182743182743183,2.1165806099479814,0.3179164504411002,2.117227936551106,,,3.022463725136426e-05,8.217176237005049e-06,,3,"172,278,486",,,,,3,89bc208c8645183c08f41aa44a8c0ca7b2a67bd6c52baa3e5476202914136a83,aa8854cd2e503503,chunked-reference,False,0.003,,1198592,23,65536,16384,8.0,0.0,0.0372566000000063,0.009375099999999748,0.06260029999998551,,,,
fedrep_reference_seed2_50r,FedRep+FixedPointReference,2,15,0.27336860670194,2.2524883209499227,0.27541190970420343,2.254154112842452,,,3.027230116498211e-05,7.173002525572273e-06,,3,"825,374,488",,,,,3,89bc208c8645183c08f41aa44a8c0ca7b2a67bd6c52baa3e5476202914136a83,aa8854cd2e503503,chunked-reference,False,0.003,,1198592,23,65536,16384,8.0,0.0,0.03941600000001699,0.008687399999985246,0.0689265999999975,,,,
fedrep_reference_seed2_50r,FedRep+FixedPointReference,2,16,0.3220729887396554,2.005844239733943,0.32078684483653347,2.0070917810901583,,,3.0276104997367008e-05,7.4224493922757015e-06,,3,"221,988,882",,,,,3,89bc208c8645183c08f41aa44a8c0ca7b2a67bd6c52baa3e5476202914136a83,aa8854cd2e503503,chunked-reference,False,0.003,,1198592,23,65536,16384,8.0,0.0,0.03875399999998308,0.009657499999889296,0.06720699999999624,,,,
fedrep_reference_seed2_50r,FedRep+FixedPointReference,2,17,0.30158730158730157,2.0701609195474804,0.30212117280747275,2.0721828700329876,,,3.0234726260841622e-05,7.990764830512288e-06,,3,"786,499,930",,,,,3,89bc208c8645183c08f41aa44a8c0ca7b2a67bd6c52baa3e5476202914136a83,aa8854cd2e503503,chunked-reference,False,0.003,,1198592,23,65536,16384,8.0,0.0,0.03726209999996399,0.010535399999923811,0.06539659999998548,,,,
fedrep_reference_seed2_50r,FedRep+FixedPointReference,2,18,0.35002035002035004,1.9645905723441073,0.3541774779449922,1.9649817879066547,,,3.007948842077032e-05,5.822899527422231e-06,,3,"246,751,75",,,,,3,89bc208c8645183c08f41aa44a8c0ca7b2a67bd6c52baa3e5476202914136a83,aa8854cd2e503503,chunked-reference,False,0.003,,1198592,23,65536,16384,8.0,0.0,0.03848059999995712,0.011428599999931066,0.0666843000000199,,,,
fedrep_reference_seed2_50r,FedRep+FixedPointReference,2,19,0.3528693528693529,1.8963667685397378,0.3527503892060197,1.8981480971263005,,,3.0451198108494314e-05,5.249544755038388e-06,,3,"800,773,23",,,,,3,89bc208c8645183c08f41aa44a8c0ca7b2a67bd6c52baa3e5476202914136a83,aa8854cd2e503503,chunked-reference,False,0.003,,1198592,23,65536,16384,8.0,0.0,0.03457780000002231,0.00901949999996532,0.05982690000001867,,,,
fedrep_reference_seed2_50r,FedRep+FixedPointReference,2,20,0.3706417039750373,1.8496476464298115,0.37367021276595747,1.8510181734116555,,,3.0481253293900382e-05,1.0327482183484145e-05,,3,"890,694,798",,,,,3,89bc208c8645183c08f41aa44a8c0ca7b2a67bd6c52baa3e5476202914136a83,aa8854cd2e503503,chunked-reference,False,0.003,,1198592,23,65536,16384,8.0,0.0,0.03417469999999412,0.009772299999951883,0.06215739999998959,,,,
fedrep_reference_seed2_50r,FedRep+FixedPointReference,2,21,0.4472934472934473,1.6869438923119573,0.4449435651271406,1.6847821109247099,,,3.0441861880202606e-05,1.1210991862040728e-05,,3,"492,383,856",,,,,3,89bc208c8645183c08f41aa44a8c0ca7b2a67bd6c52baa3e5476202914136a83,aa8854cd2e503503,chunked-reference,False,0.003,,1198592,23,65536,16384,8.0,0.0,0.03597719999993387,0.009319400000038058,0.06186320000000478,,,,
fedrep_reference_seed2_50r,FedRep+FixedPointReference,2,22,0.42694342694342696,1.6785274635087646,0.4249643227815257,1.6762255425745956,,,3.0187280893134064e-05,5.837747979747629e-06,,3,"866,191,732",,,,,3,89bc208c8645183c08f41aa44a8c0ca7b2a67bd6c52baa3e5476202914136a83,aa8854cd2e503503,chunked-reference,False,0.003,,1198592,23,65536,16384,8.0,0.0,0.04064090000002807,0.010842000000081953,0.06935980000002928,,,,
fedrep_reference_seed2_50r,FedRep+FixedPointReference,2,23,0.44580111246777915,1.725348643383931,0.44612740010378826,1.7228094907686091,,,3.0138926340801892e-05,5.475822939362471e-06,,3,"519,837,208",,,,,3,89bc208c8645183c08f41aa44a8c0ca7b2a67bd6c52baa3e5476202914136a83,aa8854cd2e503503,chunked-reference,False,0.003,,1198592,23,65536,16384,8.0,0.0,0.04954869999994571,0.016037100000005466,0.08970570000002454,,,,
fedrep_reference_seed2_50r,FedRep+FixedPointReference,2,24,0.439696106362773,1.664182979589473,0.4390892579138557,1.6625912030074603,,,3.0371682905573763e-05,6.482567253845355e-06,,3,"131,354,982",,,,,3,89bc208c8645183c08f41aa44a8c0ca7b2a67bd6c52baa3e5476202914136a83,aa8854cd2e503503,chunked-reference,False,0.003,,1198592,23,65536,16384,8.0,0.0,0.034394800000086434,0.009365799999955016,0.061149600000021564,,,,
fedrep_reference_seed2_50r,FedRep+FixedPointReference,2,25,0.4524487857821191,1.7490197890576493,0.45233847950181627,1.7498856572329833,,,3.0359239386978432e-05,9.376580402545223e-06,,3,"688,49,288",,,,,3,89bc208c8645183c08f41aa44a8c0ca7b2a67bd6c52baa3e5476202914136a83,aa8854cd2e503503,chunked-reference,False,0.003,,1198592,23,65536,16384,8.0,0.0,0.035483499999998,0.01037130000003117,0.06396150000000489,,,,
fedrep_reference_seed2_50r,FedRep+FixedPointReference,2,26,0.4665581332247999,1.6728444918224141,0.46510119356512714,1.670772998229387,,,3.0124452294541052e-05,7.047827392109867e-06,,3,"769,824,107",,,,,3,89bc208c8645183c08f41aa44a8c0ca7b2a67bd6c52baa3e5476202914136a83,aa8854cd2e503503,chunked-reference,False,0.003,,1198592,23,65536,16384,8.0,0.0,0.06242629999997007,0.0151807000000872,0.10072059999998828,,,,
fedrep_reference_seed2_50r,FedRep+FixedPointReference,2,27,0.45936779270112604,1.7798730723054836,0.45769006227296316,1.7788298284488122,,,3.034255364689771e-05,7.344591919067573e-06,,3,"754,768,23",,,,,3,89bc208c8645183c08f41aa44a8c0ca7b2a67bd6c52baa3e5476202914136a83,aa8854cd2e503503,chunked-reference,False,0.003,,1198592,23,65536,16384,8.0,0.0,0.038199299999973846,0.009560599999986152,0.06516750000002958,,,,
fedrep_reference_seed2_50r,FedRep+FixedPointReference,2,28,0.46058879392212726,1.7664717057675732,0.4606415412558381,1.7644724012135664,,,3.0478904302292894e-05,5.440445886105233e-06,,3,"63,312,392",,,,,3,89bc208c8645183c08f41aa44a8c0ca7b2a67bd6c52baa3e5476202914136a83,aa8854cd2e503503,chunked-reference,False,0.003,,1198592,23,65536,16384,8.0,0.0,0.036834500000054504,0.00985320000000911,0.06334379999998418,,,,
fedrep_reference_seed2_50r,FedRep+FixedPointReference,2,29,0.48161714828381497,1.5941131769487373,0.4814802802283342,1.5960611885141611,,,3.0172909437506295e-05,5.8276429581360065e-06,,3,"795,973,794",,,,,3,89bc208c8645183c08f41aa44a8c0ca7b2a67bd6c52baa3e5476202914136a83,aa8854cd2e503503,chunked-reference,False,0.003,,1198592,23,65536,16384,8.0,0.0,0.046065399999861256,0.009974600000077771,0.0783989000000247,,,,
fedrep_reference_seed2_50r,FedRep+FixedPointReference,2,30,0.4901641568308235,1.535623100489515,0.489831992734821,1.5383856172905588,,,3.0286438223496774e-05,8.226776455707598e-06,,3,"923,921,516",,,,,3,89bc208c8645183c08f41aa44a8c0ca7b2a67bd6c52baa3e5476202914136a83,aa8854cd2e503503,chunked-reference,False,0.003,,1198592,23,65536,16384,8.0,0.0,0.052199300000040694,0.012570700000026136,0.08893840000001774,,,,
fedrep_reference_seed2_50r,FedRep+FixedPointReference,2,31,0.48297381630714964,1.5868009965579564,0.48619940321743643,1.5893425644313133,,,2.9937057506020475e-05,4.834784682046618e-06,,3,"975,558,222",,,,,3,89bc208c8645183c08f41aa44a8c0ca7b2a67bd6c52baa3e5476202914136a83,aa8854cd2e503503,chunked-reference,False,0.003,,1198592,23,65536,16384,8.0,0.0,0.04213749999985339,0.011117300000364594,0.07095770000000812,,,,
fedrep_reference_seed2_50r,FedRep+FixedPointReference,2,32,0.4911138244471578,1.5242008636852913,0.4935943175921121,1.5267619202276288,,,3.027814506952254e-05,5.2111704913429865e-06,,3,"632,687,833",,,,,3,89bc208c8645183c08f41aa44a8c0ca7b2a67bd6c52baa3e5476202914136a83,aa8854cd2e503503,chunked-reference,False,0.003,,1198592,23,65536,16384,8.0,0.0,0.047211200000106146,0.014717599999698905,0.08202249999999367,,,,
fedrep_reference_seed2_50r,FedRep+FixedPointReference,2,33,0.5021028354361687,1.476810813870611,0.5044434353918007,1.4771583851180023,,,3.037124123756099e-05,6.396239718752393e-06,,3,"286,402,253",,,,,3,89bc208c8645183c08f41aa44a8c0ca7b2a67bd6c52baa3e5476202914136a83,aa8854cd2e503503,chunked-reference,False,0.003,,1198592,23,65536,16384,8.0,0.0,0.03643040000019937,0.009879100000034668,0.06466120000004594,,,,
fedrep_reference_seed2_50r,FedRep+FixedPointReference,2,34,0.5480938814272147,1.3497897598473632,0.5484399325376232,1.3506990463518875,,,3.0473906346066982e-05,9.129464324726289e-06,,3,"430,972,395",,,,,3,89bc208c8645183c08f41aa44a8c0ca7b2a67bd6c52baa3e5476202914136a83,aa8854cd2e503503,chunked-reference,False,0.003,,1198592,23,65536,16384,8.0,0.0,0.036187799999879644,0.00981860000024426,0.06323769999994511,,,,
fedrep_reference_seed2_50r,FedRep+FixedPointReference,2,35,0.5440238773572107,1.3531915370533372,0.5437694603009859,1.3498172587172432,,,3.0232160352170467e-05,5.2366585918878985e-06,,3,"832,617,638",,,,,3,89bc208c8645183c08f41aa44a8c0ca7b2a67bd6c52baa3e5476202914136a83,aa8854cd2e503503,chunked-reference,False,0.003,,1198592,23,65536,16384,8.0,0.0,0.03486349999991489,0.009171199999968849,0.06092960000000858,,,,
fedrep_reference_seed2_50r,FedRep+FixedPointReference,2,36,0.5322208655541989,1.4473583424224181,0.5341690451478983,1.4433176462190866,,,3.0147843062877655e-05,4.679965596319442e-06,,3,"329,898,928",,,,,3,89bc208c8645183c08f41aa44a8c0ca7b2a67bd6c52baa3e5476202914136a83,aa8854cd2e503503,chunked-reference,False,0.003,,1198592,23,65536,16384,8.0,0.0,0.03683790000002318,0.010263500000064596,0.06532709999999042,,,,
fedrep_reference_seed2_50r,FedRep+FixedPointReference,2,37,0.5630172296838963,1.4088416817284928,0.5609918266735859,1.406592666890797,,,3.0226684450918365e-05,5.3769197310713945e-06,,3,"982,697,11",,,,,3,89bc208c8645183c08f41aa44a8c0ca7b2a67bd6c52baa3e5476202914136a83,aa8854cd2e503503,chunked-reference,False,0.003,,1198592,23,65536,16384,8.0,0.0,0.0350640999999996,0.009122700000034456,0.06170199999996839,,,,
fedrep_reference_seed2_50r,FedRep+FixedPointReference,2,38,0.5674942341609008,1.3691695099093095,0.5701868188894655,1.367700828311194,,,3.0434157278175157e-05,6.7452517193027875e-06,,3,"635,215,10",,,,,3,89bc208c8645183c08f41aa44a8c0ca7b2a67bd6c52baa3e5476202914136a83,aa8854cd2e503503,chunked-reference,False,0.003,,1198592,23,65536,16384,8.0,0.0,0.03658280000013292,0.009246200000120552,0.06190010000000257,,,,
fedrep_reference_seed2_50r,FedRep+FixedPointReference,2,39,0.6034459367792702,1.185541762147862,0.6067397509081474,1.1804608290376652,,,3.023555284829309e-05,9.405671920655204e-06,,3,"173,201,929",,,,,3,89bc208c8645183c08f41aa44a8c0ca7b2a67bd6c52baa3e5476202914136a83,aa8854cd2e503503,chunked-reference,False,0.003,,1198592,23,65536,16384,8.0,0.0,0.03608210000004419,0.009333199999900899,0.06086879999998018,,,,
fedrep_reference_seed2_50r,FedRep+FixedPointReference,2,40,0.6406186406186406,1.0934619342628968,0.6419953295277634,1.0906150033789286,,,3.0158696662089472e-05,6.465267535070416e-06,,3,"204,71,594",,,,,3,89bc208c8645183c08f41aa44a8c0ca7b2a67bd6c52baa3e5476202914136a83,aa8854cd2e503503,chunked-reference,False,0.003,,1198592,23,65536,16384,8.0,0.0,0.03446489999998903,0.009419100000059188,0.05942249999998239,,,,
fedrep_reference_seed2_50r,FedRep+FixedPointReference,2,41,0.6408899742233075,1.0899887159890962,0.6377951478982875,1.0875734340302936,,,3.0126432551348454e-05,4.2310067516340264e-06,,3,"219,522,833",,,,,3,89bc208c8645183c08f41aa44a8c0ca7b2a67bd6c52baa3e5476202914136a83,aa8854cd2e503503,chunked-reference,False,0.003,,1198592,23,65536,16384,8.0,0.0,0.03599859999997079,0.010023399999909088,0.06337559999997211,,,,
fedrep_reference_seed2_50r,FedRep+FixedPointReference,2,42,0.6373626373626373,1.0713040051111842,0.6371951219512195,1.0697475648859387,,,3.007038398400734e-05,6.950241244486852e-06,,3,"521,737,740",,,,,3,89bc208c8645183c08f41aa44a8c0ca7b2a67bd6c52baa3e5476202914136a83,aa8854cd2e503503,chunked-reference,False,0.003,,1198592,23,65536,16384,8.0,0.0,0.033573900000192225,0.00928670000018883,0.05797610000001896,,,,
fedrep_reference_seed2_50r,FedRep+FixedPointReference,2,43,0.6252882919549586,1.0771206636279815,0.6267352101712507,1.0762211079783193,,,3.0342747558312245e-05,4.75490159664356e-06,,3,"858,986,183",,,,,3,89bc208c8645183c08f41aa44a8c0ca7b2a67bd6c52baa3e5476202914136a83,aa8854cd2e503503,chunked-reference,False,0.003,,1198592,23,65536,16384,8.0,0.0,0.037771399999883215,0.010960600000089471,0.06642130000000179,,,,
fedrep_reference_seed2_50r,FedRep+FixedPointReference,2,44,0.6099579432912766,1.1148149411548403,0.6088803840166062,1.1150794759468672,,,3.0272428623654626e-05,4.839430284309474e-06,,3,"118,19,41",,,,,3,89bc208c8645183c08f41aa44a8c0ca7b2a67bd6c52baa3e5476202914136a83,aa8854cd2e503503,chunked-reference,False,0.003,,1198592,23,65536,16384,8.0,0.0,0.034932300000036776,0.01067220000004454,0.06345239999996011,,,,
fedrep_reference_seed2_50r,FedRep+FixedPointReference,2,45,0.6099579432912766,1.141546131220592,0.6101290866632071,1.1431118121241992,,,3.025233745574951e-05,7.4318792854960675e-06,,3,"726,243,342",,,,,3,89bc208c8645183c08f41aa44a8c0ca7b2a67bd6c52baa3e5476202914136a83,aa8854cd2e503503,chunked-reference,False,0.003,,1198592,23,65536,16384,8.0,0.0,0.033356500000081724,0.0096109000000979,0.05927710000003117,,,,
fedrep_reference_seed2_50r,FedRep+FixedPointReference,2,46,0.5879799213132546,1.174312223333262,0.5896633367929424,1.1741603818627,,,3.012144265489446e-05,5.948322706125787e-06,,3,"576,629,557",,,,,3,89bc208c8645183c08f41aa44a8c0ca7b2a67bd6c52baa3e5476202914136a83,aa8854cd2e503503,chunked-reference,False,0.003,,1198592,23,65536,16384,8.0,0.0,0.03609810000011748,0.009996400000090944,0.061263499999995474,,,,
fedrep_reference_seed2_50r,FedRep+FixedPointReference,2,47,0.5870302536969204,1.1704642383068087,0.5878470420342501,1.171242332324333,,,3.024295635395131e-05,5.682359997292649e-06,,3,"530,926,586",,,,,3,89bc208c8645183c08f41aa44a8c0ca7b2a67bd6c52baa3e5476202914136a83,aa8854cd2e503503,chunked-reference,False,0.003,,1198592,23,65536,16384,8.0,0.0,0.03569110000000819,0.00996270000007371,0.06148819999998523,,,,
fedrep_reference_seed2_50r,FedRep+FixedPointReference,2,48,0.6119929453262787,1.092511386925483,0.613729242345615,1.0951708308161867,,,3.044828684684241e-05,7.367294171895799e-06,,3,"847,474,853",,,,,3,89bc208c8645183c08f41aa44a8c0ca7b2a67bd6c52baa3e5476202914136a83,aa8854cd2e503503,chunked-reference,False,0.003,,1198592,23,65536,16384,8.0,0.0,0.036584800000014184,0.010989399999971283,0.06495189999998274,,,,
fedrep_reference_seed2_50r,FedRep+FixedPointReference,2,49,0.6072446072446073,1.1120044257718944,0.6064802802283342,1.1151361569936065,,,3.026810546333973e-05,4.411462302144382e-06,,3,"318,794,718",,,,,3,89bc208c8645183c08f41aa44a8c0ca7b2a67bd6c52baa3e5476202914136a83,aa8854cd2e503503,chunked-reference,False,0.003,,1198592,23,65536,16384,8.0,0.0,0.03842540000005101,0.011043599999879916,0.06775019999997767,,,,
